ISO-10303-21;
HEADER;

/* File generated by Shapr3D Version 26.121.0.11316 */

FILE_DESCRIPTION(('HOOPS Exchange Step'),'2;1');

FILE_NAME('/Users/patrickdarke/Library/Containers/com.shapr3d.shapr/Data/tmp/export/temp_export',
'2026-07-25T16:23:49-04:00',
('patrickdarke'),
('Shapr3D Limited'),
'HOOPS Exchange 2026.3',
'Shapr3D',
'Authorized');

FILE_SCHEMA( ('AP242_MANAGED_MODEL_BASED_3D_ENGINEERING_MIM_LF {1 0 10303 442 1 1 4}') );

ENDSEC;

DATA;
#3=(NAMED_UNIT(*)PLANE_ANGLE_UNIT()SI_UNIT($,.RADIAN.));
#4=PLANE_ANGLE_MEASURE_WITH_UNIT(PLANE_ANGLE_MEASURE(0.0174532925),#3);
#5=(CONVERSION_BASED_UNIT('DEGREE',#4)NAMED_UNIT(#6)PLANE_ANGLE_UNIT());
#6=DIMENSIONAL_EXPONENTS(0.,0.,0.,0.,0.,0.,0.);
#7=(NAMED_UNIT(*)SI_UNIT($,.STERADIAN.)SOLID_ANGLE_UNIT());
#8=(LENGTH_UNIT()NAMED_UNIT(*)SI_UNIT(.MILLI.,.METRE.));
#9=UNCERTAINTY_MEASURE_WITH_UNIT(LENGTH_MEASURE(1.000000E-03),#8,'DISTANCE_ACCURACY_VALUE','Maximum Tolerance applied to model');
#10=(GEOMETRIC_REPRESENTATION_CONTEXT(3)GLOBAL_UNCERTAINTY_ASSIGNED_CONTEXT((#9))GLOBAL_UNIT_ASSIGNED_CONTEXT((#8,#5,#7))REPRESENTATION_CONTEXT('','victron control panel'));
#12=CARTESIAN_POINT('',(0.,0.,0.));
#13=DIRECTION('',(0.,0.,1.));
#14=DIRECTION('',(1.,0.,0.));
#15=AXIS2_PLACEMENT_3D('',#12,#13,#14);
#26=(NAMED_UNIT(*)PLANE_ANGLE_UNIT()SI_UNIT($,.RADIAN.));
#27=PLANE_ANGLE_MEASURE_WITH_UNIT(PLANE_ANGLE_MEASURE(0.0174532925),#26);
#28=(CONVERSION_BASED_UNIT('DEGREE',#27)NAMED_UNIT(#29)PLANE_ANGLE_UNIT());
#29=DIMENSIONAL_EXPONENTS(0.,0.,0.,0.,0.,0.,0.);
#30=(NAMED_UNIT(*)SI_UNIT($,.STERADIAN.)SOLID_ANGLE_UNIT());
#31=(LENGTH_UNIT()NAMED_UNIT(*)SI_UNIT(.MILLI.,.METRE.));
#32=UNCERTAINTY_MEASURE_WITH_UNIT(LENGTH_MEASURE(1.000000E-03),#31,'DISTANCE_ACCURACY_VALUE','Maximum Tolerance applied to model');
#33=(GEOMETRIC_REPRESENTATION_CONTEXT(3)GLOBAL_UNCERTAINTY_ASSIGNED_CONTEXT((#32))GLOBAL_UNIT_ASSIGNED_CONTEXT((#31,#28,#30))REPRESENTATION_CONTEXT('','00-35-_ASM_24'));
#45=CARTESIAN_POINT('',(0.,0.,0.));
#46=DIRECTION('',(0.,0.,1.));
#47=DIRECTION('',(1.,0.,-0.));
#48=AXIS2_PLACEMENT_3D('',#45,#46,#47);
#49=ITEM_DEFINED_TRANSFORMATION('','',#48,#15);
#50=(REPRESENTATION_RELATIONSHIP('','',#35,#16)REPRESENTATION_RELATIONSHIP_WITH_TRANSFORMATION(#49)SHAPE_REPRESENTATION_RELATIONSHIP());
#51=NEXT_ASSEMBLY_USAGE_OCCURRENCE('00-35-_ASM_24_1','00-35-_ASM_24','00-35-_ASM_24',#25,#44,$);
#52=PRODUCT_DEFINITION_SHAPE('','',#51);
#53=CONTEXT_DEPENDENT_SHAPE_REPRESENTATION(#50,#52);
#54=(NAMED_UNIT(*)PLANE_ANGLE_UNIT()SI_UNIT($,.RADIAN.));
#55=PLANE_ANGLE_MEASURE_WITH_UNIT(PLANE_ANGLE_MEASURE(0.0174532925),#54);
#56=(CONVERSION_BASED_UNIT('DEGREE',#55)NAMED_UNIT(#57)PLANE_ANGLE_UNIT());
#57=DIMENSIONAL_EXPONENTS(0.,0.,0.,0.,0.,0.,0.);
#58=(NAMED_UNIT(*)SI_UNIT($,.STERADIAN.)SOLID_ANGLE_UNIT());
#59=(LENGTH_UNIT()NAMED_UNIT(*)SI_UNIT(.MILLI.,.METRE.));
#60=UNCERTAINTY_MEASURE_WITH_UNIT(LENGTH_MEASURE(1.000000E-05),#59,'DISTANCE_ACCURACY_VALUE','Maximum Tolerance applied to model');
#61=(GEOMETRIC_REPRESENTATION_CONTEXT(3)GLOBAL_UNCERTAINTY_ASSIGNED_CONTEXT((#60))GLOBAL_UNIT_ASSIGNED_CONTEXT((#59,#56,#58))REPRESENTATION_CONTEXT('','XK-1'));
#73=CARTESIAN_POINT('',(0.,0.,0.));
#74=DIRECTION('',(0.,0.,1.));
#75=DIRECTION('',(1.,0.,-0.));
#76=AXIS2_PLACEMENT_3D('',#73,#74,#75);
#77=ITEM_DEFINED_TRANSFORMATION('','',#76,#15);
#78=(REPRESENTATION_RELATIONSHIP('','',#63,#35)REPRESENTATION_RELATIONSHIP_WITH_TRANSFORMATION(#77)SHAPE_REPRESENTATION_RELATIONSHIP());
#79=NEXT_ASSEMBLY_USAGE_OCCURRENCE('XK-1_2','XK-1','XK-1',#44,#72,$);
#80=PRODUCT_DEFINITION_SHAPE('','',#79);
#81=CONTEXT_DEPENDENT_SHAPE_REPRESENTATION(#78,#80);
#83=CARTESIAN_POINT('',(-253.,103.7,71.6));
#84=DIRECTION('',(-1.,0.,0.));
#85=DIRECTION('',(0.,0.,-1.));
#86=AXIS2_PLACEMENT_3D('',#83,#84,#85);
#87=PLANE('',#86);
#88=CARTESIAN_POINT('',(-253.,93.4,8.));
#89=VERTEX_POINT('',#88);
#90=CARTESIAN_POINT('',(-253.,91.4,6.));
#91=VERTEX_POINT('',#90);
#92=CARTESIAN_POINT('',(-253.,91.4,8.));
#93=DIRECTION('',(-1.,0.,0.));
#94=DIRECTION('',(0.,0.,1.));
#95=AXIS2_PLACEMENT_3D('',#92,#93,#94);
#96=CIRCLE('',#95,2.);
#97=EDGE_CURVE('',#89,#91,#96,.T.);
#98=ORIENTED_EDGE('',*,*,#97,.T.);
#99=CARTESIAN_POINT('',(-253.,100.7,6.));
#100=VERTEX_POINT('',#99);
#101=CARTESIAN_POINT('',(-253.,100.7,6.));
#102=DIRECTION('',(0.,-1.,-0.));
#103=VECTOR('',#102,9.3);
#104=LINE('',#101,#103);
#105=EDGE_CURVE('',#100,#91,#104,.T.);
#106=ORIENTED_EDGE('',*,*,#105,.F.);
#107=CARTESIAN_POINT('',(-253.,100.7,14.));
#108=VERTEX_POINT('',#107);
#109=CARTESIAN_POINT('',(-253.,100.7,14.));
#110=DIRECTION('',(0.,0.,-1.));
#111=VECTOR('',#110,8.);
#112=LINE('',#109,#111);
#113=EDGE_CURVE('',#108,#100,#112,.T.);
#114=ORIENTED_EDGE('',*,*,#113,.F.);
#115=CARTESIAN_POINT('',(-253.,93.4,14.));
#116=VERTEX_POINT('',#115);
#117=CARTESIAN_POINT('',(-253.,93.4,14.));
#118=DIRECTION('',(0.,1.,0.));
#119=VECTOR('',#118,7.3);
#120=LINE('',#117,#119);
#121=EDGE_CURVE('',#116,#108,#120,.T.);
#122=ORIENTED_EDGE('',*,*,#121,.F.);
#123=CARTESIAN_POINT('',(-253.,93.4,14.));
#124=DIRECTION('',(0.,0.,-1.));
#125=VECTOR('',#124,6.);
#126=LINE('',#123,#125);
#127=EDGE_CURVE('',#116,#89,#126,.T.);
#128=ORIENTED_EDGE('',*,*,#127,.T.);
#129=EDGE_LOOP('',(#98,#106,#114,#122,#128));
#130=FACE_BOUND('',#129,.T.);
#131=ADVANCED_FACE('',(#130),#87,.F.);
#132=CARTESIAN_POINT('',(-252.,103.7,6.));
#133=DIRECTION('',(0.,0.,-1.));
#134=DIRECTION('',(-1.,0.,0.));
#135=AXIS2_PLACEMENT_3D('',#132,#133,#134);
#136=PLANE('',#135);
#137=CARTESIAN_POINT('',(-248.999930541,101.299930541,6.));
#138=VERTEX_POINT('',#137);
#139=CARTESIAN_POINT('',(-247.299930541,99.599930541,6.));
#140=VERTEX_POINT('',#139);
#141=CARTESIAN_POINT('',(-248.999930541,99.599930541,6.));
#142=DIRECTION('',(0.,0.,-1.));
#143=DIRECTION('',(0.,1.,0.));
#144=AXIS2_PLACEMENT_3D('',#141,#142,#143);
#145=CIRCLE('',#144,1.7);
#146=EDGE_CURVE('',#138,#140,#145,.T.);
#147=ORIENTED_EDGE('',*,*,#146,.T.);
#148=CARTESIAN_POINT('',(-248.999930541,99.599930541,6.));
#149=DIRECTION('',(0.,0.,-1.));
#150=DIRECTION('',(0.,1.,0.));
#151=AXIS2_PLACEMENT_3D('',#148,#149,#150);
#152=CIRCLE('',#151,1.7);
#153=EDGE_CURVE('',#140,#138,#152,.T.);
#154=ORIENTED_EDGE('',*,*,#153,.T.);
#155=EDGE_LOOP('',(#147,#154));
#156=FACE_BOUND('',#155,.T.);
#157=CARTESIAN_POINT('',(-158.200069459,101.399930541,6.));
#158=VERTEX_POINT('',#157);
#159=CARTESIAN_POINT('',(-156.500069459,99.699930541,6.));
#160=VERTEX_POINT('',#159);
#161=CARTESIAN_POINT('',(-158.200069459,99.699930541,6.));
#162=DIRECTION('',(0.,0.,-1.));
#163=DIRECTION('',(0.,1.,0.));
#164=AXIS2_PLACEMENT_3D('',#161,#162,#163);
#165=CIRCLE('',#164,1.7);
#166=EDGE_CURVE('',#158,#160,#165,.T.);
#167=ORIENTED_EDGE('',*,*,#166,.T.);
#168=CARTESIAN_POINT('',(-158.200069459,99.699930541,6.));
#169=DIRECTION('',(0.,0.,-1.));
#170=DIRECTION('',(0.,1.,0.));
#171=AXIS2_PLACEMENT_3D('',#168,#169,#170);
#172=CIRCLE('',#171,1.7);
#173=EDGE_CURVE('',#160,#158,#172,.T.);
#174=ORIENTED_EDGE('',*,*,#173,.T.);
#175=EDGE_LOOP('',(#167,#174));
#176=FACE_BOUND('',#175,.T.);
#177=CARTESIAN_POINT('',(-158.200069459,48.600069459,6.));
#178=VERTEX_POINT('',#177);
#179=CARTESIAN_POINT('',(-156.500069459,46.900069459,6.));
#180=VERTEX_POINT('',#179);
#181=CARTESIAN_POINT('',(-158.200069459,46.900069459,6.));
#182=DIRECTION('',(0.,0.,-1.));
#183=DIRECTION('',(0.,1.,0.));
#184=AXIS2_PLACEMENT_3D('',#181,#182,#183);
#185=CIRCLE('',#184,1.7);
#186=EDGE_CURVE('',#178,#180,#185,.T.);
#187=ORIENTED_EDGE('',*,*,#186,.T.);
#188=CARTESIAN_POINT('',(-158.200069459,46.900069459,6.));
#189=DIRECTION('',(0.,0.,-1.));
#190=DIRECTION('',(0.,1.,0.));
#191=AXIS2_PLACEMENT_3D('',#188,#189,#190);
#192=CIRCLE('',#191,1.7);
#193=EDGE_CURVE('',#180,#178,#192,.T.);
#194=ORIENTED_EDGE('',*,*,#193,.T.);
#195=EDGE_LOOP('',(#187,#194));
#196=FACE_BOUND('',#195,.T.);
#197=CARTESIAN_POINT('',(-248.999930541,48.700069459,6.));
#198=VERTEX_POINT('',#197);
#199=CARTESIAN_POINT('',(-247.299930541,47.000069459,6.));
#200=VERTEX_POINT('',#199);
#201=CARTESIAN_POINT('',(-248.999930541,47.000069459,6.));
#202=DIRECTION('',(0.,0.,-1.));
#203=DIRECTION('',(0.,1.,0.));
#204=AXIS2_PLACEMENT_3D('',#201,#202,#203);
#205=CIRCLE('',#204,1.7);
#206=EDGE_CURVE('',#198,#200,#205,.T.);
#207=ORIENTED_EDGE('',*,*,#206,.T.);
#208=CARTESIAN_POINT('',(-248.999930541,47.000069459,6.));
#209=DIRECTION('',(0.,0.,-1.));
#210=DIRECTION('',(0.,1.,0.));
#211=AXIS2_PLACEMENT_3D('',#208,#209,#210);
#212=CIRCLE('',#211,1.7);
#213=EDGE_CURVE('',#200,#198,#212,.T.);
#214=ORIENTED_EDGE('',*,*,#213,.T.);
#215=EDGE_LOOP('',(#207,#214));
#216=FACE_BOUND('',#215,.T.);
#217=CARTESIAN_POINT('',(-159.55,106.05,6.));
#218=VERTEX_POINT('',#217);
#219=CARTESIAN_POINT('',(-247.65,106.05,6.));
#220=VERTEX_POINT('',#219);
#221=CARTESIAN_POINT('',(-159.55,106.05,6.));
#222=DIRECTION('',(-1.,0.,0.));
#223=VECTOR('',#222,88.1);
#224=LINE('',#221,#223);
#225=EDGE_CURVE('',#218,#220,#224,.T.);
#226=ORIENTED_EDGE('',*,*,#225,.T.);
#227=CARTESIAN_POINT('',(-247.65,100.7,6.));
#228=DIRECTION('',(-0.,-0.,1.));
#229=DIRECTION('',(0.,1.,0.));
#230=AXIS2_PLACEMENT_3D('',#227,#228,#229);
#231=CIRCLE('',#230,5.35);
#232=EDGE_CURVE('',#220,#100,#231,.T.);
#233=ORIENTED_EDGE('',*,*,#232,.T.);
#234=ORIENTED_EDGE('',*,*,#105,.T.);
#235=CARTESIAN_POINT('',(-256.,91.4,6.));
#236=VERTEX_POINT('',#235);
#237=CARTESIAN_POINT('',(-253.,91.4,6.));
#238=DIRECTION('',(-1.,0.,0.));
#239=VECTOR('',#238,3.);
#240=LINE('',#237,#239);
#241=EDGE_CURVE('',#91,#236,#240,.T.);
#242=ORIENTED_EDGE('',*,*,#241,.T.);
#243=CARTESIAN_POINT('',(-256.,65.4,6.));
#244=VERTEX_POINT('',#243);
#245=CARTESIAN_POINT('',(-256.,91.4,6.));
#246=DIRECTION('',(0.,-1.,-0.));
#247=VECTOR('',#246,26.);
#248=LINE('',#245,#247);
#249=EDGE_CURVE('',#236,#244,#248,.T.);
#250=ORIENTED_EDGE('',*,*,#249,.T.);
#251=CARTESIAN_POINT('',(-253.,65.4,6.));
#252=VERTEX_POINT('',#251);
#253=CARTESIAN_POINT('',(-253.,65.4,6.));
#254=DIRECTION('',(-1.,0.,0.));
#255=VECTOR('',#254,3.);
#256=LINE('',#253,#255);
#257=EDGE_CURVE('',#252,#244,#256,.T.);
#258=ORIENTED_EDGE('',*,*,#257,.F.);
#259=CARTESIAN_POINT('',(-253.,48.,6.));
#260=VERTEX_POINT('',#259);
#261=CARTESIAN_POINT('',(-253.,65.4,6.));
#262=DIRECTION('',(0.,-1.,-0.));
#263=VECTOR('',#262,17.4);
#264=LINE('',#261,#263);
#265=EDGE_CURVE('',#252,#260,#264,.T.);
#266=ORIENTED_EDGE('',*,*,#265,.T.);
#267=CARTESIAN_POINT('',(-247.65,42.65,6.));
#268=VERTEX_POINT('',#267);
#269=CARTESIAN_POINT('',(-247.65,48.,6.));
#270=DIRECTION('',(-0.,-0.,1.));
#271=DIRECTION('',(0.,1.,0.));
#272=AXIS2_PLACEMENT_3D('',#269,#270,#271);
#273=CIRCLE('',#272,5.35);
#274=EDGE_CURVE('',#260,#268,#273,.T.);
#275=ORIENTED_EDGE('',*,*,#274,.T.);
#276=CARTESIAN_POINT('',(-159.55,42.65,6.));
#277=VERTEX_POINT('',#276);
#278=CARTESIAN_POINT('',(-247.65,42.65,6.));
#279=DIRECTION('',(1.,0.,-0.));
#280=VECTOR('',#279,88.1);
#281=LINE('',#278,#280);
#282=EDGE_CURVE('',#268,#277,#281,.T.);
#283=ORIENTED_EDGE('',*,*,#282,.T.);
#284=CARTESIAN_POINT('',(-154.2,48.,6.));
#285=VERTEX_POINT('',#284);
#286=CARTESIAN_POINT('',(-159.55,48.,6.));
#287=DIRECTION('',(-0.,-0.,1.));
#288=DIRECTION('',(0.,1.,0.));
#289=AXIS2_PLACEMENT_3D('',#286,#287,#288);
#290=CIRCLE('',#289,5.35);
#291=EDGE_CURVE('',#277,#285,#290,.T.);
#292=ORIENTED_EDGE('',*,*,#291,.T.);
#293=CARTESIAN_POINT('',(-154.2,100.7,6.));
#294=VERTEX_POINT('',#293);
#295=CARTESIAN_POINT('',(-154.2,100.7,6.));
#296=DIRECTION('',(0.,-1.,-0.));
#297=VECTOR('',#296,52.7);
#298=LINE('',#295,#297);
#299=EDGE_CURVE('',#294,#285,#298,.T.);
#300=ORIENTED_EDGE('',*,*,#299,.F.);
#301=CARTESIAN_POINT('',(-159.55,100.7,6.));
#302=DIRECTION('',(-0.,-0.,1.));
#303=DIRECTION('',(0.,1.,0.));
#304=AXIS2_PLACEMENT_3D('',#301,#302,#303);
#305=CIRCLE('',#304,5.35);
#306=EDGE_CURVE('',#294,#218,#305,.T.);
#307=ORIENTED_EDGE('',*,*,#306,.T.);
#308=EDGE_LOOP('',(#226,#233,#234,#242,#250,#258,#266,#275,#283,#292,#300,#307));
#309=FACE_BOUND('',#308,.T.);
#310=CARTESIAN_POINT('',(-245.5,71.901998866,6.));
#311=VERTEX_POINT('',#310);
#312=CARTESIAN_POINT('',(-246.5,71.901998866,6.));
#313=VERTEX_POINT('',#312);
#314=CARTESIAN_POINT('',(-245.5,71.901998866,6.));
#315=DIRECTION('',(-1.,0.,0.));
#316=VECTOR('',#315,1.);
#317=LINE('',#314,#316);
#318=EDGE_CURVE('',#311,#313,#317,.T.);
#319=ORIENTED_EDGE('',*,*,#318,.F.);
#320=CARTESIAN_POINT('',(-245.5,101.65,6.));
#321=VERTEX_POINT('',#320);
#322=CARTESIAN_POINT('',(-245.5,101.65,6.));
#323=DIRECTION('',(0.,-1.,-0.));
#324=VECTOR('',#323,29.748001134);
#325=LINE('',#322,#324);
#326=EDGE_CURVE('',#321,#311,#325,.T.);
#327=ORIENTED_EDGE('',*,*,#326,.F.);
#328=CARTESIAN_POINT('',(-162.1,101.65,6.));
#329=VERTEX_POINT('',#328);
#330=CARTESIAN_POINT('',(-162.1,101.65,6.));
#331=DIRECTION('',(-1.,0.,0.));
#332=VECTOR('',#331,83.4);
#333=LINE('',#330,#332);
#334=EDGE_CURVE('',#329,#321,#333,.T.);
#335=ORIENTED_EDGE('',*,*,#334,.F.);
#336=CARTESIAN_POINT('',(-162.1,46.55,6.));
#337=VERTEX_POINT('',#336);
#338=CARTESIAN_POINT('',(-162.1,46.55,6.));
#339=DIRECTION('',(0.,1.,0.));
#340=VECTOR('',#339,55.1);
#341=LINE('',#338,#340);
#342=EDGE_CURVE('',#337,#329,#341,.T.);
#343=ORIENTED_EDGE('',*,*,#342,.F.);
#344=CARTESIAN_POINT('',(-245.5,46.55,6.));
#345=VERTEX_POINT('',#344);
#346=CARTESIAN_POINT('',(-245.5,46.55,6.));
#347=DIRECTION('',(1.,0.,-0.));
#348=VECTOR('',#347,83.4);
#349=LINE('',#346,#348);
#350=EDGE_CURVE('',#345,#337,#349,.T.);
#351=ORIENTED_EDGE('',*,*,#350,.F.);
#352=CARTESIAN_POINT('',(-245.5,51.001998866,6.));
#353=VERTEX_POINT('',#352);
#354=CARTESIAN_POINT('',(-245.5,51.001998866,6.));
#355=DIRECTION('',(0.,-1.,-0.));
#356=VECTOR('',#355,4.451998866);
#357=LINE('',#354,#356);
#358=EDGE_CURVE('',#353,#345,#357,.T.);
#359=ORIENTED_EDGE('',*,*,#358,.F.);
#360=CARTESIAN_POINT('',(-246.5,51.001998866,6.));
#361=VERTEX_POINT('',#360);
#362=CARTESIAN_POINT('',(-246.5,51.001998866,6.));
#363=DIRECTION('',(1.,0.,-0.));
#364=VECTOR('',#363,1.);
#365=LINE('',#362,#364);
#366=EDGE_CURVE('',#361,#353,#365,.T.);
#367=ORIENTED_EDGE('',*,*,#366,.F.);
#368=CARTESIAN_POINT('',(-246.5,71.901998866,6.));
#369=DIRECTION('',(0.,-1.,-0.));
#370=VECTOR('',#369,20.9);
#371=LINE('',#368,#370);
#372=EDGE_CURVE('',#313,#361,#371,.T.);
#373=ORIENTED_EDGE('',*,*,#372,.F.);
#374=EDGE_LOOP('',(#319,#327,#335,#343,#351,#359,#367,#373));
#375=FACE_BOUND('',#374,.T.);
#376=ADVANCED_FACE('',(#156,#176,#196,#216,#309,#375),#136,.F.);
#377=CARTESIAN_POINT('',(-245.5,101.980002315,2.1));
#378=DIRECTION('',(1.,0.,0.));
#379=DIRECTION('',(0.,-1.,-0.));
#380=AXIS2_PLACEMENT_3D('',#377,#378,#379);
#381=PLANE('',#380);
#382=ORIENTED_EDGE('',*,*,#326,.T.);
#383=CARTESIAN_POINT('',(-245.5,71.901998866,2.));
#384=VERTEX_POINT('',#383);
#385=CARTESIAN_POINT('',(-245.5,71.901998866,6.));
#386=DIRECTION('',(0.,0.,-1.));
#387=VECTOR('',#386,4.);
#388=LINE('',#385,#387);
#389=EDGE_CURVE('',#311,#384,#388,.T.);
#390=ORIENTED_EDGE('',*,*,#389,.T.);
#391=CARTESIAN_POINT('',(-245.5,101.65,2.));
#392=VERTEX_POINT('',#391);
#393=CARTESIAN_POINT('',(-245.5,101.65,2.));
#394=DIRECTION('',(0.,-1.,-0.));
#395=VECTOR('',#394,29.748001134);
#396=LINE('',#393,#395);
#397=EDGE_CURVE('',#392,#384,#396,.T.);
#398=ORIENTED_EDGE('',*,*,#397,.F.);
#399=CARTESIAN_POINT('',(-245.5,101.65,2.));
#400=DIRECTION('',(0.,-0.,1.));
#401=VECTOR('',#400,4.);
#402=LINE('',#399,#401);
#403=EDGE_CURVE('',#392,#321,#402,.T.);
#404=ORIENTED_EDGE('',*,*,#403,.T.);
#405=EDGE_LOOP('',(#382,#390,#398,#404));
#406=FACE_BOUND('',#405,.T.);
#407=ADVANCED_FACE('',(#406),#381,.T.);
#408=COLOUR_RGB('',0.06666667,0.980392158,0.062745102);
#409=FILL_AREA_STYLE_COLOUR('',#408);
#410=FILL_AREA_STYLE('',(#409));
#411=SURFACE_STYLE_FILL_AREA(#410);
#412=SURFACE_SIDE_STYLE('',(#411));
#413=SURFACE_STYLE_USAGE(.BOTH.,#412);
#414=PRESENTATION_STYLE_ASSIGNMENT((#413));
#415=OVER_RIDING_STYLED_ITEM('',(#414),#407,#82);
#416=CARTESIAN_POINT('',(-245.5,101.980002315,2.1));
#417=DIRECTION('',(1.,0.,0.));
#418=DIRECTION('',(0.,-1.,-0.));
#419=AXIS2_PLACEMENT_3D('',#416,#417,#418);
#420=PLANE('',#419);
#421=CARTESIAN_POINT('',(-245.5,51.001998866,2.));
#422=VERTEX_POINT('',#421);
#423=CARTESIAN_POINT('',(-245.5,46.55,2.));
#424=VERTEX_POINT('',#423);
#425=CARTESIAN_POINT('',(-245.5,51.001998866,2.));
#426=DIRECTION('',(0.,-1.,-0.));
#427=VECTOR('',#426,4.451998866);
#428=LINE('',#425,#427);
#429=EDGE_CURVE('',#422,#424,#428,.T.);
#430=ORIENTED_EDGE('',*,*,#429,.F.);
#431=CARTESIAN_POINT('',(-245.5,51.001998866,2.));
#432=DIRECTION('',(0.,-0.,1.));
#433=VECTOR('',#432,4.);
#434=LINE('',#431,#433);
#435=EDGE_CURVE('',#422,#353,#434,.T.);
#436=ORIENTED_EDGE('',*,*,#435,.T.);
#437=ORIENTED_EDGE('',*,*,#358,.T.);
#438=CARTESIAN_POINT('',(-245.5,46.55,2.));
#439=DIRECTION('',(0.,-0.,1.));
#440=VECTOR('',#439,4.);
#441=LINE('',#438,#440);
#442=EDGE_CURVE('',#424,#345,#441,.T.);
#443=ORIENTED_EDGE('',*,*,#442,.F.);
#444=EDGE_LOOP('',(#430,#436,#437,#443));
#445=FACE_BOUND('',#444,.T.);
#446=ADVANCED_FACE('',(#445),#420,.T.);
#447=OVER_RIDING_STYLED_ITEM('',(#414),#446,#82);
#448=CARTESIAN_POINT('',(-252.,106.05,71.6));
#449=DIRECTION('',(0.,1.,0.));
#450=DIRECTION('',(0.,-0.,1.));
#451=AXIS2_PLACEMENT_3D('',#448,#449,#450);
#452=PLANE('',#451);
#453=ORIENTED_EDGE('',*,*,#225,.F.);
#454=CARTESIAN_POINT('',(-159.55,106.05,14.));
#455=VERTEX_POINT('',#454);
#456=CARTESIAN_POINT('',(-159.55,106.05,14.));
#457=DIRECTION('',(0.,0.,-1.));
#458=VECTOR('',#457,8.);
#459=LINE('',#456,#458);
#460=EDGE_CURVE('',#455,#218,#459,.T.);
#461=ORIENTED_EDGE('',*,*,#460,.F.);
#462=CARTESIAN_POINT('',(-247.65,106.05,14.));
#463=VERTEX_POINT('',#462);
#464=CARTESIAN_POINT('',(-247.65,106.05,14.));
#465=DIRECTION('',(1.,0.,-0.));
#466=VECTOR('',#465,88.1);
#467=LINE('',#464,#466);
#468=EDGE_CURVE('',#463,#455,#467,.T.);
#469=ORIENTED_EDGE('',*,*,#468,.F.);
#470=CARTESIAN_POINT('',(-247.65,106.05,14.));
#471=DIRECTION('',(0.,0.,-1.));
#472=VECTOR('',#471,8.);
#473=LINE('',#470,#472);
#474=EDGE_CURVE('',#463,#220,#473,.T.);
#475=ORIENTED_EDGE('',*,*,#474,.T.);
#476=EDGE_LOOP('',(#453,#461,#469,#475));
#477=FACE_BOUND('',#476,.T.);
#478=ADVANCED_FACE('',(#477),#452,.F.);
#479=CARTESIAN_POINT('',(-253.,103.7,71.6));
#480=DIRECTION('',(-1.,0.,0.));
#481=DIRECTION('',(0.,0.,-1.));
#482=AXIS2_PLACEMENT_3D('',#479,#480,#481);
#483=PLANE('',#482);
#484=CARTESIAN_POINT('',(-253.,63.4,8.));
#485=VERTEX_POINT('',#484);
#486=CARTESIAN_POINT('',(-253.,65.4,8.));
#487=DIRECTION('',(-1.,0.,0.));
#488=DIRECTION('',(0.,0.,1.));
#489=AXIS2_PLACEMENT_3D('',#486,#487,#488);
#490=CIRCLE('',#489,2.);
#491=EDGE_CURVE('',#252,#485,#490,.T.);
#492=ORIENTED_EDGE('',*,*,#491,.T.);
#493=CARTESIAN_POINT('',(-253.,63.4,14.));
#494=VERTEX_POINT('',#493);
#495=CARTESIAN_POINT('',(-253.,63.4,8.));
#496=DIRECTION('',(0.,0.,1.));
#497=VECTOR('',#496,6.);
#498=LINE('',#495,#497);
#499=EDGE_CURVE('',#485,#494,#498,.T.);
#500=ORIENTED_EDGE('',*,*,#499,.T.);
#501=CARTESIAN_POINT('',(-253.,48.,14.));
#502=VERTEX_POINT('',#501);
#503=CARTESIAN_POINT('',(-253.,48.,14.));
#504=DIRECTION('',(0.,1.,0.));
#505=VECTOR('',#504,15.4);
#506=LINE('',#503,#505);
#507=EDGE_CURVE('',#502,#494,#506,.T.);
#508=ORIENTED_EDGE('',*,*,#507,.F.);
#509=CARTESIAN_POINT('',(-253.,48.,14.));
#510=DIRECTION('',(0.,0.,-1.));
#511=VECTOR('',#510,8.);
#512=LINE('',#509,#511);
#513=EDGE_CURVE('',#502,#260,#512,.T.);
#514=ORIENTED_EDGE('',*,*,#513,.T.);
#515=ORIENTED_EDGE('',*,*,#265,.F.);
#516=EDGE_LOOP('',(#492,#500,#508,#514,#515));
#517=FACE_BOUND('',#516,.T.);
#518=ADVANCED_FACE('',(#517),#483,.F.);
#519=CARTESIAN_POINT('',(-252.,42.65,71.6));
#520=DIRECTION('',(0.,-1.,-0.));
#521=DIRECTION('',(0.,0.,-1.));
#522=AXIS2_PLACEMENT_3D('',#519,#520,#521);
#523=PLANE('',#522);
#524=ORIENTED_EDGE('',*,*,#282,.F.);
#525=CARTESIAN_POINT('',(-247.65,42.65,14.));
#526=VERTEX_POINT('',#525);
#527=CARTESIAN_POINT('',(-247.65,42.65,14.));
#528=DIRECTION('',(0.,0.,-1.));
#529=VECTOR('',#528,8.);
#530=LINE('',#527,#529);
#531=EDGE_CURVE('',#526,#268,#530,.T.);
#532=ORIENTED_EDGE('',*,*,#531,.F.);
#533=CARTESIAN_POINT('',(-159.55,42.65,14.));
#534=VERTEX_POINT('',#533);
#535=CARTESIAN_POINT('',(-159.55,42.65,14.));
#536=DIRECTION('',(-1.,0.,0.));
#537=VECTOR('',#536,88.1);
#538=LINE('',#535,#537);
#539=EDGE_CURVE('',#534,#526,#538,.T.);
#540=ORIENTED_EDGE('',*,*,#539,.F.);
#541=CARTESIAN_POINT('',(-159.55,42.65,14.));
#542=DIRECTION('',(0.,0.,-1.));
#543=VECTOR('',#542,8.);
#544=LINE('',#541,#543);
#545=EDGE_CURVE('',#534,#277,#544,.T.);
#546=ORIENTED_EDGE('',*,*,#545,.T.);
#547=EDGE_LOOP('',(#524,#532,#540,#546));
#548=FACE_BOUND('',#547,.T.);
#549=ADVANCED_FACE('',(#548),#523,.F.);
#550=CARTESIAN_POINT('',(-159.55,100.7,71.6));
#551=DIRECTION('',(0.,0.,-1.));
#552=DIRECTION('',(1.,0.,0.));
#553=AXIS2_PLACEMENT_3D('',#550,#551,#552);
#554=CYLINDRICAL_SURFACE('',#553,5.35);
#555=ORIENTED_EDGE('',*,*,#306,.F.);
#556=CARTESIAN_POINT('',(-154.2,100.7,14.));
#557=VERTEX_POINT('',#556);
#558=CARTESIAN_POINT('',(-154.2,100.7,14.));
#559=DIRECTION('',(0.,0.,-1.));
#560=VECTOR('',#559,8.);
#561=LINE('',#558,#560);
#562=EDGE_CURVE('',#557,#294,#561,.T.);
#563=ORIENTED_EDGE('',*,*,#562,.F.);
#564=CARTESIAN_POINT('',(-159.55,100.7,14.));
#565=DIRECTION('',(0.,0.,-1.));
#566=DIRECTION('',(0.,1.,0.));
#567=AXIS2_PLACEMENT_3D('',#564,#565,#566);
#568=CIRCLE('',#567,5.35);
#569=EDGE_CURVE('',#455,#557,#568,.T.);
#570=ORIENTED_EDGE('',*,*,#569,.F.);
#571=ORIENTED_EDGE('',*,*,#460,.T.);
#572=EDGE_LOOP('',(#555,#563,#570,#571));
#573=FACE_BOUND('',#572,.T.);
#574=ADVANCED_FACE('',(#573),#554,.F.);
#575=CARTESIAN_POINT('',(-247.65,100.7,71.6));
#576=DIRECTION('',(0.,0.,-1.));
#577=DIRECTION('',(1.,0.,0.));
#578=AXIS2_PLACEMENT_3D('',#575,#576,#577);
#579=CYLINDRICAL_SURFACE('',#578,5.35);
#580=ORIENTED_EDGE('',*,*,#232,.F.);
#581=ORIENTED_EDGE('',*,*,#474,.F.);
#582=CARTESIAN_POINT('',(-247.65,100.7,14.));
#583=DIRECTION('',(0.,0.,-1.));
#584=DIRECTION('',(0.,1.,0.));
#585=AXIS2_PLACEMENT_3D('',#582,#583,#584);
#586=CIRCLE('',#585,5.35);
#587=EDGE_CURVE('',#108,#463,#586,.T.);
#588=ORIENTED_EDGE('',*,*,#587,.F.);
#589=ORIENTED_EDGE('',*,*,#113,.T.);
#590=EDGE_LOOP('',(#580,#581,#588,#589));
#591=FACE_BOUND('',#590,.T.);
#592=ADVANCED_FACE('',(#591),#579,.F.);
#593=CARTESIAN_POINT('',(-247.65,48.,71.6));
#594=DIRECTION('',(0.,0.,-1.));
#595=DIRECTION('',(1.,0.,0.));
#596=AXIS2_PLACEMENT_3D('',#593,#594,#595);
#597=CYLINDRICAL_SURFACE('',#596,5.35);
#598=ORIENTED_EDGE('',*,*,#274,.F.);
#599=ORIENTED_EDGE('',*,*,#513,.F.);
#600=CARTESIAN_POINT('',(-247.65,48.,14.));
#601=DIRECTION('',(0.,0.,-1.));
#602=DIRECTION('',(0.,1.,0.));
#603=AXIS2_PLACEMENT_3D('',#600,#601,#602);
#604=CIRCLE('',#603,5.35);
#605=EDGE_CURVE('',#526,#502,#604,.T.);
#606=ORIENTED_EDGE('',*,*,#605,.F.);
#607=ORIENTED_EDGE('',*,*,#531,.T.);
#608=EDGE_LOOP('',(#598,#599,#606,#607));
#609=FACE_BOUND('',#608,.T.);
#610=ADVANCED_FACE('',(#609),#597,.F.);
#611=CARTESIAN_POINT('',(-159.55,48.,71.6));
#612=DIRECTION('',(0.,0.,-1.));
#613=DIRECTION('',(1.,0.,0.));
#614=AXIS2_PLACEMENT_3D('',#611,#612,#613);
#615=CYLINDRICAL_SURFACE('',#614,5.35);
#616=ORIENTED_EDGE('',*,*,#291,.F.);
#617=ORIENTED_EDGE('',*,*,#545,.F.);
#618=CARTESIAN_POINT('',(-154.2,48.,14.));
#619=VERTEX_POINT('',#618);
#620=CARTESIAN_POINT('',(-159.55,48.,14.));
#621=DIRECTION('',(0.,0.,-1.));
#622=DIRECTION('',(0.,1.,0.));
#623=AXIS2_PLACEMENT_3D('',#620,#621,#622);
#624=CIRCLE('',#623,5.35);
#625=EDGE_CURVE('',#619,#534,#624,.T.);
#626=ORIENTED_EDGE('',*,*,#625,.F.);
#627=CARTESIAN_POINT('',(-154.2,48.,14.));
#628=DIRECTION('',(0.,0.,-1.));
#629=VECTOR('',#628,8.);
#630=LINE('',#627,#629);
#631=EDGE_CURVE('',#619,#285,#630,.T.);
#632=ORIENTED_EDGE('',*,*,#631,.T.);
#633=EDGE_LOOP('',(#616,#617,#626,#632));
#634=FACE_BOUND('',#633,.T.);
#635=ADVANCED_FACE('',(#634),#615,.F.);
#636=CARTESIAN_POINT('',(-151.2,73.7,2.));
#637=DIRECTION('',(1.,0.,0.));
#638=DIRECTION('',(0.,-0.,1.));
#639=AXIS2_PLACEMENT_3D('',#636,#637,#638);
#640=PLANE('',#639);
#641=CARTESIAN_POINT('',(-151.2,43.65,14.));
#642=VERTEX_POINT('',#641);
#643=CARTESIAN_POINT('',(-151.2,43.65,-0.));
#644=VERTEX_POINT('',#643);
#645=CARTESIAN_POINT('',(-151.2,43.65,14.));
#646=DIRECTION('',(0.,0.,-1.));
#647=VECTOR('',#646,14.);
#648=LINE('',#645,#647);
#649=EDGE_CURVE('',#642,#644,#648,.T.);
#650=ORIENTED_EDGE('',*,*,#649,.T.);
#651=CARTESIAN_POINT('',(-151.2,105.05,0.));
#652=VERTEX_POINT('',#651);
#653=CARTESIAN_POINT('',(-151.2,43.65,-0.));
#654=DIRECTION('',(0.,1.,0.));
#655=VECTOR('',#654,61.4);
#656=LINE('',#653,#655);
#657=EDGE_CURVE('',#644,#652,#656,.T.);
#658=ORIENTED_EDGE('',*,*,#657,.T.);
#659=CARTESIAN_POINT('',(-151.2,105.05,14.));
#660=VERTEX_POINT('',#659);
#661=CARTESIAN_POINT('',(-151.2,105.05,0.));
#662=DIRECTION('',(0.,-0.,1.));
#663=VECTOR('',#662,14.);
#664=LINE('',#661,#663);
#665=EDGE_CURVE('',#652,#660,#664,.T.);
#666=ORIENTED_EDGE('',*,*,#665,.T.);
#667=CARTESIAN_POINT('',(-151.2,43.65,14.));
#668=DIRECTION('',(0.,1.,0.));
#669=VECTOR('',#668,61.4);
#670=LINE('',#667,#669);
#671=EDGE_CURVE('',#642,#660,#670,.T.);
#672=ORIENTED_EDGE('',*,*,#671,.F.);
#673=EDGE_LOOP('',(#650,#658,#666,#672));
#674=FACE_BOUND('',#673,.T.);
#675=ADVANCED_FACE('',(#674),#640,.T.);
#676=CARTESIAN_POINT('',(-180.,39.65,2.));
#677=DIRECTION('',(0.,-1.,-0.));
#678=DIRECTION('',(0.,0.,-1.));
#679=AXIS2_PLACEMENT_3D('',#676,#677,#678);
#680=PLANE('',#679);
#681=CARTESIAN_POINT('',(-252.,39.65,14.));
#682=VERTEX_POINT('',#681);
#683=CARTESIAN_POINT('',(-155.2,39.65,14.));
#684=VERTEX_POINT('',#683);
#685=CARTESIAN_POINT('',(-252.,39.65,14.));
#686=DIRECTION('',(1.,0.,-0.));
#687=VECTOR('',#686,96.8);
#688=LINE('',#685,#687);
#689=EDGE_CURVE('',#682,#684,#688,.T.);
#690=ORIENTED_EDGE('',*,*,#689,.F.);
#691=CARTESIAN_POINT('',(-252.,39.65,-0.));
#692=VERTEX_POINT('',#691);
#693=CARTESIAN_POINT('',(-252.,39.65,14.));
#694=DIRECTION('',(-0.,0.,-1.));
#695=VECTOR('',#694,14.);
#696=LINE('',#693,#695);
#697=EDGE_CURVE('',#682,#692,#696,.T.);
#698=ORIENTED_EDGE('',*,*,#697,.T.);
#699=CARTESIAN_POINT('',(-155.2,39.65,-0.));
#700=VERTEX_POINT('',#699);
#701=CARTESIAN_POINT('',(-252.,39.65,-0.));
#702=DIRECTION('',(1.,0.,-0.));
#703=VECTOR('',#702,96.8);
#704=LINE('',#701,#703);
#705=EDGE_CURVE('',#692,#700,#704,.T.);
#706=ORIENTED_EDGE('',*,*,#705,.T.);
#707=CARTESIAN_POINT('',(-155.2,39.65,-0.));
#708=DIRECTION('',(-0.,-0.,1.));
#709=VECTOR('',#708,14.);
#710=LINE('',#707,#709);
#711=EDGE_CURVE('',#700,#684,#710,.T.);
#712=ORIENTED_EDGE('',*,*,#711,.T.);
#713=EDGE_LOOP('',(#690,#698,#706,#712));
#714=FACE_BOUND('',#713,.T.);
#715=ADVANCED_FACE('',(#714),#680,.T.);
#716=CARTESIAN_POINT('',(-256.,73.7,2.));
#717=DIRECTION('',(-1.,0.,0.));
#718=DIRECTION('',(0.,0.,-1.));
#719=AXIS2_PLACEMENT_3D('',#716,#717,#718);
#720=PLANE('',#719);
#721=CARTESIAN_POINT('',(-256.,105.05,0.));
#722=VERTEX_POINT('',#721);
#723=CARTESIAN_POINT('',(-256.,43.65,-0.));
#724=VERTEX_POINT('',#723);
#725=CARTESIAN_POINT('',(-256.,105.05,0.));
#726=DIRECTION('',(0.,-1.,-0.));
#727=VECTOR('',#726,61.4);
#728=LINE('',#725,#727);
#729=EDGE_CURVE('',#722,#724,#728,.T.);
#730=ORIENTED_EDGE('',*,*,#729,.T.);
#731=CARTESIAN_POINT('',(-256.,43.65,14.));
#732=VERTEX_POINT('',#731);
#733=CARTESIAN_POINT('',(-256.,43.65,-0.));
#734=DIRECTION('',(0.,-0.,1.));
#735=VECTOR('',#734,14.);
#736=LINE('',#733,#735);
#737=EDGE_CURVE('',#724,#732,#736,.T.);
#738=ORIENTED_EDGE('',*,*,#737,.T.);
#739=CARTESIAN_POINT('',(-256.,63.4,14.));
#740=VERTEX_POINT('',#739);
#741=CARTESIAN_POINT('',(-256.,63.4,14.));
#742=DIRECTION('',(0.,-1.,-0.));
#743=VECTOR('',#742,19.75);
#744=LINE('',#741,#743);
#745=EDGE_CURVE('',#740,#732,#744,.T.);
#746=ORIENTED_EDGE('',*,*,#745,.F.);
#747=CARTESIAN_POINT('',(-256.,63.4,8.));
#748=VERTEX_POINT('',#747);
#749=CARTESIAN_POINT('',(-256.,63.4,8.));
#750=DIRECTION('',(0.,0.,1.));
#751=VECTOR('',#750,6.);
#752=LINE('',#749,#751);
#753=EDGE_CURVE('',#748,#740,#752,.T.);
#754=ORIENTED_EDGE('',*,*,#753,.F.);
#755=CARTESIAN_POINT('',(-256.,65.4,8.));
#756=DIRECTION('',(-1.,0.,0.));
#757=DIRECTION('',(0.,0.,1.));
#758=AXIS2_PLACEMENT_3D('',#755,#756,#757);
#759=CIRCLE('',#758,2.);
#760=EDGE_CURVE('',#244,#748,#759,.T.);
#761=ORIENTED_EDGE('',*,*,#760,.F.);
#762=ORIENTED_EDGE('',*,*,#249,.F.);
#763=CARTESIAN_POINT('',(-256.,93.4,8.));
#764=VERTEX_POINT('',#763);
#765=CARTESIAN_POINT('',(-256.,91.4,8.));
#766=DIRECTION('',(-1.,0.,0.));
#767=DIRECTION('',(0.,0.,1.));
#768=AXIS2_PLACEMENT_3D('',#765,#766,#767);
#769=CIRCLE('',#768,2.);
#770=EDGE_CURVE('',#764,#236,#769,.T.);
#771=ORIENTED_EDGE('',*,*,#770,.F.);
#772=CARTESIAN_POINT('',(-256.,93.4,14.));
#773=VERTEX_POINT('',#772);
#774=CARTESIAN_POINT('',(-256.,93.4,14.));
#775=DIRECTION('',(0.,0.,-1.));
#776=VECTOR('',#775,6.);
#777=LINE('',#774,#776);
#778=EDGE_CURVE('',#773,#764,#777,.T.);
#779=ORIENTED_EDGE('',*,*,#778,.F.);
#780=CARTESIAN_POINT('',(-256.,105.05,14.));
#781=VERTEX_POINT('',#780);
#782=CARTESIAN_POINT('',(-256.,105.05,14.));
#783=DIRECTION('',(0.,-1.,-0.));
#784=VECTOR('',#783,11.65);
#785=LINE('',#782,#784);
#786=EDGE_CURVE('',#781,#773,#785,.T.);
#787=ORIENTED_EDGE('',*,*,#786,.F.);
#788=CARTESIAN_POINT('',(-256.,105.05,14.));
#789=DIRECTION('',(-0.,0.,-1.));
#790=VECTOR('',#789,14.);
#791=LINE('',#788,#790);
#792=EDGE_CURVE('',#781,#722,#791,.T.);
#793=ORIENTED_EDGE('',*,*,#792,.T.);
#794=EDGE_LOOP('',(#730,#738,#746,#754,#761,#762,#771,#779,#787,#793));
#795=FACE_BOUND('',#794,.T.);
#796=ADVANCED_FACE('',(#795),#720,.T.);
#797=CARTESIAN_POINT('',(-180.,109.05,2.));
#798=DIRECTION('',(0.,1.,0.));
#799=DIRECTION('',(0.,-0.,1.));
#800=AXIS2_PLACEMENT_3D('',#797,#798,#799);
#801=PLANE('',#800);
#802=CARTESIAN_POINT('',(-155.2,109.05,14.));
#803=VERTEX_POINT('',#802);
#804=CARTESIAN_POINT('',(-155.2,109.05,0.));
#805=VERTEX_POINT('',#804);
#806=CARTESIAN_POINT('',(-155.2,109.05,14.));
#807=DIRECTION('',(-0.,0.,-1.));
#808=VECTOR('',#807,14.);
#809=LINE('',#806,#808);
#810=EDGE_CURVE('',#803,#805,#809,.T.);
#811=ORIENTED_EDGE('',*,*,#810,.T.);
#812=CARTESIAN_POINT('',(-252.,109.05,0.));
#813=VERTEX_POINT('',#812);
#814=CARTESIAN_POINT('',(-155.2,109.05,0.));
#815=DIRECTION('',(-1.,0.,0.));
#816=VECTOR('',#815,96.8);
#817=LINE('',#814,#816);
#818=EDGE_CURVE('',#805,#813,#817,.T.);
#819=ORIENTED_EDGE('',*,*,#818,.T.);
#820=CARTESIAN_POINT('',(-252.,109.05,14.));
#821=VERTEX_POINT('',#820);
#822=CARTESIAN_POINT('',(-252.,109.05,0.));
#823=DIRECTION('',(0.,-0.,1.));
#824=VECTOR('',#823,14.);
#825=LINE('',#822,#824);
#826=EDGE_CURVE('',#813,#821,#825,.T.);
#827=ORIENTED_EDGE('',*,*,#826,.T.);
#828=CARTESIAN_POINT('',(-155.2,109.05,14.));
#829=DIRECTION('',(-1.,0.,0.));
#830=VECTOR('',#829,96.8);
#831=LINE('',#828,#830);
#832=EDGE_CURVE('',#803,#821,#831,.T.);
#833=ORIENTED_EDGE('',*,*,#832,.F.);
#834=EDGE_LOOP('',(#811,#819,#827,#833));
#835=FACE_BOUND('',#834,.T.);
#836=ADVANCED_FACE('',(#835),#801,.T.);
#837=CARTESIAN_POINT('',(0.,148.7,14.));
#838=DIRECTION('',(0.,0.,-1.));
#839=DIRECTION('',(1.,0.,0.));
#840=AXIS2_PLACEMENT_3D('',#837,#838,#839);
#841=PLANE('',#840);
#842=ORIENTED_EDGE('',*,*,#507,.T.);
#843=CARTESIAN_POINT('',(-253.,63.4,14.));
#844=DIRECTION('',(-1.,0.,0.));
#845=VECTOR('',#844,3.);
#846=LINE('',#843,#845);
#847=EDGE_CURVE('',#494,#740,#846,.T.);
#848=ORIENTED_EDGE('',*,*,#847,.T.);
#849=ORIENTED_EDGE('',*,*,#745,.T.);
#850=CARTESIAN_POINT('',(-252.,43.65,14.));
#851=DIRECTION('',(-0.,-0.,1.));
#852=DIRECTION('',(0.,1.,0.));
#853=AXIS2_PLACEMENT_3D('',#850,#851,#852);
#854=CIRCLE('',#853,4.);
#855=EDGE_CURVE('',#732,#682,#854,.T.);
#856=ORIENTED_EDGE('',*,*,#855,.T.);
#857=ORIENTED_EDGE('',*,*,#689,.T.);
#858=CARTESIAN_POINT('',(-155.2,43.65,14.));
#859=DIRECTION('',(-0.,-0.,1.));
#860=DIRECTION('',(0.,1.,0.));
#861=AXIS2_PLACEMENT_3D('',#858,#859,#860);
#862=CIRCLE('',#861,4.);
#863=EDGE_CURVE('',#684,#642,#862,.T.);
#864=ORIENTED_EDGE('',*,*,#863,.T.);
#865=ORIENTED_EDGE('',*,*,#671,.T.);
#866=CARTESIAN_POINT('',(-155.2,105.05,14.));
#867=DIRECTION('',(-0.,-0.,1.));
#868=DIRECTION('',(0.,1.,0.));
#869=AXIS2_PLACEMENT_3D('',#866,#867,#868);
#870=CIRCLE('',#869,4.);
#871=EDGE_CURVE('',#660,#803,#870,.T.);
#872=ORIENTED_EDGE('',*,*,#871,.T.);
#873=ORIENTED_EDGE('',*,*,#832,.T.);
#874=CARTESIAN_POINT('',(-252.,105.05,14.));
#875=DIRECTION('',(-0.,-0.,1.));
#876=DIRECTION('',(0.,1.,0.));
#877=AXIS2_PLACEMENT_3D('',#874,#875,#876);
#878=CIRCLE('',#877,4.);
#879=EDGE_CURVE('',#821,#781,#878,.T.);
#880=ORIENTED_EDGE('',*,*,#879,.T.);
#881=ORIENTED_EDGE('',*,*,#786,.T.);
#882=CARTESIAN_POINT('',(-256.,93.4,14.));
#883=DIRECTION('',(1.,0.,-0.));
#884=VECTOR('',#883,3.);
#885=LINE('',#882,#884);
#886=EDGE_CURVE('',#773,#116,#885,.T.);
#887=ORIENTED_EDGE('',*,*,#886,.T.);
#888=ORIENTED_EDGE('',*,*,#121,.T.);
#889=ORIENTED_EDGE('',*,*,#587,.T.);
#890=ORIENTED_EDGE('',*,*,#468,.T.);
#891=ORIENTED_EDGE('',*,*,#569,.T.);
#892=CARTESIAN_POINT('',(-154.2,100.7,14.));
#893=DIRECTION('',(0.,-1.,-0.));
#894=VECTOR('',#893,52.7);
#895=LINE('',#892,#894);
#896=EDGE_CURVE('',#557,#619,#895,.T.);
#897=ORIENTED_EDGE('',*,*,#896,.T.);
#898=ORIENTED_EDGE('',*,*,#625,.T.);
#899=ORIENTED_EDGE('',*,*,#539,.T.);
#900=ORIENTED_EDGE('',*,*,#605,.T.);
#901=EDGE_LOOP('',(#842,#848,#849,#856,#857,#864,#865,#872,#873,#880,#881,#887,#888,#889,#890,#891,#897,#898,#899,#900));
#902=FACE_BOUND('',#901,.T.);
#903=ADVANCED_FACE('',(#902),#841,.F.);
#904=CARTESIAN_POINT('',(-154.2,103.7,71.6));
#905=DIRECTION('',(1.,0.,0.));
#906=DIRECTION('',(0.,-0.,1.));
#907=AXIS2_PLACEMENT_3D('',#904,#905,#906);
#908=PLANE('',#907);
#909=ORIENTED_EDGE('',*,*,#562,.T.);
#910=ORIENTED_EDGE('',*,*,#299,.T.);
#911=ORIENTED_EDGE('',*,*,#631,.F.);
#912=ORIENTED_EDGE('',*,*,#896,.F.);
#913=EDGE_LOOP('',(#909,#910,#911,#912));
#914=FACE_BOUND('',#913,.T.);
#915=ADVANCED_FACE('',(#914),#908,.F.);
#916=CARTESIAN_POINT('',(-162.1,46.720002315,2.1));
#917=DIRECTION('',(-1.,0.,0.));
#918=DIRECTION('',(0.,1.,0.));
#919=AXIS2_PLACEMENT_3D('',#916,#917,#918);
#920=PLANE('',#919);
#921=ORIENTED_EDGE('',*,*,#342,.T.);
#922=CARTESIAN_POINT('',(-162.1,101.65,2.));
#923=VERTEX_POINT('',#922);
#924=CARTESIAN_POINT('',(-162.1,101.65,2.));
#925=DIRECTION('',(0.,-0.,1.));
#926=VECTOR('',#925,4.);
#927=LINE('',#924,#926);
#928=EDGE_CURVE('',#923,#329,#927,.T.);
#929=ORIENTED_EDGE('',*,*,#928,.F.);
#930=CARTESIAN_POINT('',(-162.1,46.55,2.));
#931=VERTEX_POINT('',#930);
#932=CARTESIAN_POINT('',(-162.1,46.55,2.));
#933=DIRECTION('',(0.,1.,0.));
#934=VECTOR('',#933,55.1);
#935=LINE('',#932,#934);
#936=EDGE_CURVE('',#931,#923,#935,.T.);
#937=ORIENTED_EDGE('',*,*,#936,.F.);
#938=CARTESIAN_POINT('',(-162.1,46.55,2.));
#939=DIRECTION('',(0.,-0.,1.));
#940=VECTOR('',#939,4.);
#941=LINE('',#938,#940);
#942=EDGE_CURVE('',#931,#337,#941,.T.);
#943=ORIENTED_EDGE('',*,*,#942,.T.);
#944=EDGE_LOOP('',(#921,#929,#937,#943));
#945=FACE_BOUND('',#944,.T.);
#946=ADVANCED_FACE('',(#945),#920,.T.);
#947=OVER_RIDING_STYLED_ITEM('',(#414),#946,#82);
#948=CARTESIAN_POINT('',(-245.369997685,46.55,2.1));
#949=DIRECTION('',(0.,1.,0.));
#950=DIRECTION('',(1.,0.,0.));
#951=AXIS2_PLACEMENT_3D('',#948,#949,#950);
#952=PLANE('',#951);
#953=ORIENTED_EDGE('',*,*,#350,.T.);
#954=ORIENTED_EDGE('',*,*,#942,.F.);
#955=CARTESIAN_POINT('',(-245.5,46.55,2.));
#956=DIRECTION('',(1.,0.,-0.));
#957=VECTOR('',#956,83.4);
#958=LINE('',#955,#957);
#959=EDGE_CURVE('',#424,#931,#958,.T.);
#960=ORIENTED_EDGE('',*,*,#959,.F.);
#961=ORIENTED_EDGE('',*,*,#442,.T.);
#962=EDGE_LOOP('',(#953,#954,#960,#961));
#963=FACE_BOUND('',#962,.T.);
#964=ADVANCED_FACE('',(#963),#952,.T.);
#965=OVER_RIDING_STYLED_ITEM('',(#414),#964,#82);
#966=CARTESIAN_POINT('',(-161.829997685,101.65,2.1));
#967=DIRECTION('',(0.,-1.,-0.));
#968=DIRECTION('',(-1.,0.,0.));
#969=AXIS2_PLACEMENT_3D('',#966,#967,#968);
#970=PLANE('',#969);
#971=ORIENTED_EDGE('',*,*,#928,.T.);
#972=ORIENTED_EDGE('',*,*,#334,.T.);
#973=ORIENTED_EDGE('',*,*,#403,.F.);
#974=CARTESIAN_POINT('',(-162.1,101.65,2.));
#975=DIRECTION('',(-1.,0.,0.));
#976=VECTOR('',#975,83.4);
#977=LINE('',#974,#976);
#978=EDGE_CURVE('',#923,#392,#977,.T.);
#979=ORIENTED_EDGE('',*,*,#978,.F.);
#980=EDGE_LOOP('',(#971,#972,#973,#979));
#981=FACE_BOUND('',#980,.T.);
#982=ADVANCED_FACE('',(#981),#970,.T.);
#983=OVER_RIDING_STYLED_ITEM('',(#414),#982,#82);
#984=CARTESIAN_POINT('',(-248.999930541,47.000069459,2.1));
#985=DIRECTION('',(0.,0.,-1.));
#986=DIRECTION('',(1.,0.,0.));
#987=AXIS2_PLACEMENT_3D('',#984,#985,#986);
#988=CYLINDRICAL_SURFACE('',#987,1.7);
#989=CARTESIAN_POINT('',(-247.299930541,47.000069459,-0.));
#990=VERTEX_POINT('',#989);
#991=CARTESIAN_POINT('',(-247.299930541,47.000069459,-0.));
#992=DIRECTION('',(-0.,-0.,1.));
#993=VECTOR('',#992,6.);
#994=LINE('',#991,#993);
#995=EDGE_CURVE('',#990,#200,#994,.T.);
#996=ORIENTED_EDGE('',*,*,#995,.F.);
#997=CARTESIAN_POINT('',(-248.999930541,47.000069459,-0.));
#998=DIRECTION('',(0.,0.,-1.));
#999=DIRECTION('',(1.,0.,0.));
#1000=AXIS2_PLACEMENT_3D('',#997,#998,#999);
#1001=CIRCLE('',#1000,1.7);
#1002=EDGE_CURVE('',#990,#990,#1001,.T.);
#1003=ORIENTED_EDGE('',*,*,#1002,.T.);
#1004=ORIENTED_EDGE('',*,*,#995,.T.);
#1005=ORIENTED_EDGE('',*,*,#206,.F.);
#1006=ORIENTED_EDGE('',*,*,#213,.F.);
#1007=EDGE_LOOP('',(#996,#1003,#1004,#1005,#1006));
#1008=FACE_BOUND('',#1007,.T.);
#1009=ADVANCED_FACE('',(#1008),#988,.F.);
#1010=OVER_RIDING_STYLED_ITEM('',(#414),#1009,#82);
#1011=CARTESIAN_POINT('',(-158.200069459,46.900069459,2.1));
#1012=DIRECTION('',(0.,0.,-1.));
#1013=DIRECTION('',(1.,0.,0.));
#1014=AXIS2_PLACEMENT_3D('',#1011,#1012,#1013);
#1015=CYLINDRICAL_SURFACE('',#1014,1.7);
#1016=CARTESIAN_POINT('',(-156.500069459,46.900069459,-0.));
#1017=VERTEX_POINT('',#1016);
#1018=CARTESIAN_POINT('',(-156.500069459,46.900069459,-0.));
#1019=DIRECTION('',(-0.,-0.,1.));
#1020=VECTOR('',#1019,6.);
#1021=LINE('',#1018,#1020);
#1022=EDGE_CURVE('',#1017,#180,#1021,.T.);
#1023=ORIENTED_EDGE('',*,*,#1022,.F.);
#1024=CARTESIAN_POINT('',(-158.200069459,46.900069459,-0.));
#1025=DIRECTION('',(0.,0.,-1.));
#1026=DIRECTION('',(1.,0.,0.));
#1027=AXIS2_PLACEMENT_3D('',#1024,#1025,#1026);
#1028=CIRCLE('',#1027,1.7);
#1029=EDGE_CURVE('',#1017,#1017,#1028,.T.);
#1030=ORIENTED_EDGE('',*,*,#1029,.T.);
#1031=ORIENTED_EDGE('',*,*,#1022,.T.);
#1032=ORIENTED_EDGE('',*,*,#186,.F.);
#1033=ORIENTED_EDGE('',*,*,#193,.F.);
#1034=EDGE_LOOP('',(#1023,#1030,#1031,#1032,#1033));
#1035=FACE_BOUND('',#1034,.T.);
#1036=ADVANCED_FACE('',(#1035),#1015,.F.);
#1037=OVER_RIDING_STYLED_ITEM('',(#414),#1036,#82);
#1038=CARTESIAN_POINT('',(-158.200069459,99.699930541,2.1));
#1039=DIRECTION('',(0.,0.,-1.));
#1040=DIRECTION('',(1.,0.,0.));
#1041=AXIS2_PLACEMENT_3D('',#1038,#1039,#1040);
#1042=CYLINDRICAL_SURFACE('',#1041,1.7);
#1043=CARTESIAN_POINT('',(-156.500069459,99.699930541,-0.));
#1044=VERTEX_POINT('',#1043);
#1045=CARTESIAN_POINT('',(-156.500069459,99.699930541,-0.));
#1046=DIRECTION('',(-0.,-0.,1.));
#1047=VECTOR('',#1046,6.);
#1048=LINE('',#1045,#1047);
#1049=EDGE_CURVE('',#1044,#160,#1048,.T.);
#1050=ORIENTED_EDGE('',*,*,#1049,.F.);
#1051=CARTESIAN_POINT('',(-158.200069459,99.699930541,-0.));
#1052=DIRECTION('',(0.,0.,-1.));
#1053=DIRECTION('',(1.,0.,0.));
#1054=AXIS2_PLACEMENT_3D('',#1051,#1052,#1053);
#1055=CIRCLE('',#1054,1.7);
#1056=EDGE_CURVE('',#1044,#1044,#1055,.T.);
#1057=ORIENTED_EDGE('',*,*,#1056,.T.);
#1058=ORIENTED_EDGE('',*,*,#1049,.T.);
#1059=ORIENTED_EDGE('',*,*,#166,.F.);
#1060=ORIENTED_EDGE('',*,*,#173,.F.);
#1061=EDGE_LOOP('',(#1050,#1057,#1058,#1059,#1060));
#1062=FACE_BOUND('',#1061,.T.);
#1063=ADVANCED_FACE('',(#1062),#1042,.F.);
#1064=OVER_RIDING_STYLED_ITEM('',(#414),#1063,#82);
#1065=CARTESIAN_POINT('',(-248.999930541,99.599930541,2.1));
#1066=DIRECTION('',(0.,0.,-1.));
#1067=DIRECTION('',(1.,0.,0.));
#1068=AXIS2_PLACEMENT_3D('',#1065,#1066,#1067);
#1069=CYLINDRICAL_SURFACE('',#1068,1.7);
#1070=CARTESIAN_POINT('',(-247.299930541,99.599930541,-0.));
#1071=VERTEX_POINT('',#1070);
#1072=CARTESIAN_POINT('',(-247.299930541,99.599930541,-0.));
#1073=DIRECTION('',(-0.,-0.,1.));
#1074=VECTOR('',#1073,6.);
#1075=LINE('',#1072,#1074);
#1076=EDGE_CURVE('',#1071,#140,#1075,.T.);
#1077=ORIENTED_EDGE('',*,*,#1076,.F.);
#1078=CARTESIAN_POINT('',(-248.999930541,99.599930541,-0.));
#1079=DIRECTION('',(0.,0.,-1.));
#1080=DIRECTION('',(1.,0.,0.));
#1081=AXIS2_PLACEMENT_3D('',#1078,#1079,#1080);
#1082=CIRCLE('',#1081,1.7);
#1083=EDGE_CURVE('',#1071,#1071,#1082,.T.);
#1084=ORIENTED_EDGE('',*,*,#1083,.T.);
#1085=ORIENTED_EDGE('',*,*,#1076,.T.);
#1086=ORIENTED_EDGE('',*,*,#146,.F.);
#1087=ORIENTED_EDGE('',*,*,#153,.F.);
#1088=EDGE_LOOP('',(#1077,#1084,#1085,#1086,#1087));
#1089=FACE_BOUND('',#1088,.T.);
#1090=ADVANCED_FACE('',(#1089),#1069,.F.);
#1091=OVER_RIDING_STYLED_ITEM('',(#414),#1090,#82);
#1092=CARTESIAN_POINT('',(-155.2,43.65,2.));
#1093=DIRECTION('',(0.,0.,-1.));
#1094=DIRECTION('',(1.,0.,0.));
#1095=AXIS2_PLACEMENT_3D('',#1092,#1093,#1094);
#1096=CYLINDRICAL_SURFACE('',#1095,4.);
#1097=ORIENTED_EDGE('',*,*,#711,.F.);
#1098=CARTESIAN_POINT('',(-155.2,43.65,-0.));
#1099=DIRECTION('',(0.,0.,-1.));
#1100=DIRECTION('',(1.,0.,0.));
#1101=AXIS2_PLACEMENT_3D('',#1098,#1099,#1100);
#1102=CIRCLE('',#1101,4.);
#1103=EDGE_CURVE('',#644,#700,#1102,.T.);
#1104=ORIENTED_EDGE('',*,*,#1103,.F.);
#1105=ORIENTED_EDGE('',*,*,#649,.F.);
#1106=ORIENTED_EDGE('',*,*,#863,.F.);
#1107=EDGE_LOOP('',(#1097,#1104,#1105,#1106));
#1108=FACE_BOUND('',#1107,.T.);
#1109=ADVANCED_FACE('',(#1108),#1096,.T.);
#1110=CARTESIAN_POINT('',(-155.2,105.05,2.));
#1111=DIRECTION('',(0.,-0.,1.));
#1112=DIRECTION('',(-1.,0.,0.));
#1113=AXIS2_PLACEMENT_3D('',#1110,#1111,#1112);
#1114=CYLINDRICAL_SURFACE('',#1113,4.);
#1115=ORIENTED_EDGE('',*,*,#665,.F.);
#1116=CARTESIAN_POINT('',(-155.2,105.05,0.));
#1117=DIRECTION('',(0.,0.,-1.));
#1118=DIRECTION('',(1.,0.,0.));
#1119=AXIS2_PLACEMENT_3D('',#1116,#1117,#1118);
#1120=CIRCLE('',#1119,4.);
#1121=EDGE_CURVE('',#805,#652,#1120,.T.);
#1122=ORIENTED_EDGE('',*,*,#1121,.F.);
#1123=ORIENTED_EDGE('',*,*,#810,.F.);
#1124=ORIENTED_EDGE('',*,*,#871,.F.);
#1125=EDGE_LOOP('',(#1115,#1122,#1123,#1124));
#1126=FACE_BOUND('',#1125,.T.);
#1127=ADVANCED_FACE('',(#1126),#1114,.T.);
#1128=CARTESIAN_POINT('',(-252.,105.05,2.));
#1129=DIRECTION('',(0.,-0.,1.));
#1130=DIRECTION('',(-1.,0.,0.));
#1131=AXIS2_PLACEMENT_3D('',#1128,#1129,#1130);
#1132=CYLINDRICAL_SURFACE('',#1131,4.);
#1133=ORIENTED_EDGE('',*,*,#826,.F.);
#1134=CARTESIAN_POINT('',(-252.,105.05,0.));
#1135=DIRECTION('',(0.,0.,-1.));
#1136=DIRECTION('',(1.,0.,0.));
#1137=AXIS2_PLACEMENT_3D('',#1134,#1135,#1136);
#1138=CIRCLE('',#1137,4.);
#1139=EDGE_CURVE('',#722,#813,#1138,.T.);
#1140=ORIENTED_EDGE('',*,*,#1139,.F.);
#1141=ORIENTED_EDGE('',*,*,#792,.F.);
#1142=ORIENTED_EDGE('',*,*,#879,.F.);
#1143=EDGE_LOOP('',(#1133,#1140,#1141,#1142));
#1144=FACE_BOUND('',#1143,.T.);
#1145=ADVANCED_FACE('',(#1144),#1132,.T.);
#1146=CARTESIAN_POINT('',(-252.,43.65,2.));
#1147=DIRECTION('',(0.,-0.,1.));
#1148=DIRECTION('',(-1.,0.,0.));
#1149=AXIS2_PLACEMENT_3D('',#1146,#1147,#1148);
#1150=CYLINDRICAL_SURFACE('',#1149,4.);
#1151=ORIENTED_EDGE('',*,*,#737,.F.);
#1152=CARTESIAN_POINT('',(-252.,43.65,-0.));
#1153=DIRECTION('',(0.,0.,-1.));
#1154=DIRECTION('',(1.,0.,0.));
#1155=AXIS2_PLACEMENT_3D('',#1152,#1153,#1154);
#1156=CIRCLE('',#1155,4.);
#1157=EDGE_CURVE('',#692,#724,#1156,.T.);
#1158=ORIENTED_EDGE('',*,*,#1157,.F.);
#1159=ORIENTED_EDGE('',*,*,#697,.F.);
#1160=ORIENTED_EDGE('',*,*,#855,.F.);
#1161=EDGE_LOOP('',(#1151,#1158,#1159,#1160));
#1162=FACE_BOUND('',#1161,.T.);
#1163=ADVANCED_FACE('',(#1162),#1150,.T.);
#1164=CARTESIAN_POINT('',(-246.5,48.901998866,11.1));
#1165=DIRECTION('',(1.,0.,0.));
#1166=DIRECTION('',(0.,-0.,1.));
#1167=AXIS2_PLACEMENT_3D('',#1164,#1165,#1166);
#1168=PLANE('',#1167);
#1169=CARTESIAN_POINT('',(-246.5,71.901998866,2.));
#1170=VERTEX_POINT('',#1169);
#1171=CARTESIAN_POINT('',(-246.5,71.901998866,6.));
#1172=DIRECTION('',(0.,0.,-1.));
#1173=VECTOR('',#1172,4.);
#1174=LINE('',#1171,#1173);
#1175=EDGE_CURVE('',#313,#1170,#1174,.T.);
#1176=ORIENTED_EDGE('',*,*,#1175,.F.);
#1177=ORIENTED_EDGE('',*,*,#372,.T.);
#1178=CARTESIAN_POINT('',(-246.5,51.001998866,2.));
#1179=VERTEX_POINT('',#1178);
#1180=CARTESIAN_POINT('',(-246.5,51.001998866,6.));
#1181=DIRECTION('',(0.,0.,-1.));
#1182=VECTOR('',#1181,4.);
#1183=LINE('',#1180,#1182);
#1184=EDGE_CURVE('',#361,#1179,#1183,.T.);
#1185=ORIENTED_EDGE('',*,*,#1184,.T.);
#1186=CARTESIAN_POINT('',(-246.5,71.901998866,2.));
#1187=DIRECTION('',(0.,-1.,-0.));
#1188=VECTOR('',#1187,20.9);
#1189=LINE('',#1186,#1188);
#1190=EDGE_CURVE('',#1170,#1179,#1189,.T.);
#1191=ORIENTED_EDGE('',*,*,#1190,.F.);
#1192=EDGE_LOOP('',(#1176,#1177,#1185,#1191));
#1193=FACE_BOUND('',#1192,.T.);
#1194=ADVANCED_FACE('',(#1193),#1168,.T.);
#1195=CARTESIAN_POINT('',(-244.410215248,71.901998866,11.1));
#1196=DIRECTION('',(0.,-1.,-0.));
#1197=DIRECTION('',(0.,0.,-1.));
#1198=AXIS2_PLACEMENT_3D('',#1195,#1196,#1197);
#1199=PLANE('',#1198);
#1200=ORIENTED_EDGE('',*,*,#389,.F.);
#1201=ORIENTED_EDGE('',*,*,#318,.T.);
#1202=ORIENTED_EDGE('',*,*,#1175,.T.);
#1203=CARTESIAN_POINT('',(-245.5,71.901998866,2.));
#1204=DIRECTION('',(-1.,0.,0.));
#1205=VECTOR('',#1204,1.);
#1206=LINE('',#1203,#1205);
#1207=EDGE_CURVE('',#384,#1170,#1206,.T.);
#1208=ORIENTED_EDGE('',*,*,#1207,.F.);
#1209=EDGE_LOOP('',(#1200,#1201,#1202,#1208));
#1210=FACE_BOUND('',#1209,.T.);
#1211=ADVANCED_FACE('',(#1210),#1199,.T.);
#1212=CARTESIAN_POINT('',(-244.410215248,51.001998866,11.1));
#1213=DIRECTION('',(0.,1.,0.));
#1214=DIRECTION('',(0.,-0.,1.));
#1215=AXIS2_PLACEMENT_3D('',#1212,#1213,#1214);
#1216=PLANE('',#1215);
#1217=ORIENTED_EDGE('',*,*,#1184,.F.);
#1218=ORIENTED_EDGE('',*,*,#366,.T.);
#1219=ORIENTED_EDGE('',*,*,#435,.F.);
#1220=CARTESIAN_POINT('',(-246.5,51.001998866,2.));
#1221=DIRECTION('',(1.,0.,-0.));
#1222=VECTOR('',#1221,1.);
#1223=LINE('',#1220,#1222);
#1224=EDGE_CURVE('',#1179,#422,#1223,.T.);
#1225=ORIENTED_EDGE('',*,*,#1224,.F.);
#1226=EDGE_LOOP('',(#1217,#1218,#1219,#1225));
#1227=FACE_BOUND('',#1226,.T.);
#1228=ADVANCED_FACE('',(#1227),#1216,.T.);
#1229=CARTESIAN_POINT('',(-249.4,91.4,8.));
#1230=DIRECTION('',(-1.,0.,0.));
#1231=DIRECTION('',(0.,0.,1.));
#1232=AXIS2_PLACEMENT_3D('',#1229,#1230,#1231);
#1233=CYLINDRICAL_SURFACE('',#1232,2.);
#1234=CARTESIAN_POINT('',(-253.,93.4,8.));
#1235=DIRECTION('',(-1.,0.,0.));
#1236=VECTOR('',#1235,3.);
#1237=LINE('',#1234,#1236);
#1238=EDGE_CURVE('',#89,#764,#1237,.T.);
#1239=ORIENTED_EDGE('',*,*,#1238,.T.);
#1240=ORIENTED_EDGE('',*,*,#770,.T.);
#1241=ORIENTED_EDGE('',*,*,#241,.F.);
#1242=ORIENTED_EDGE('',*,*,#97,.F.);
#1243=EDGE_LOOP('',(#1239,#1240,#1241,#1242));
#1244=FACE_BOUND('',#1243,.T.);
#1245=ADVANCED_FACE('',(#1244),#1233,.F.);
#1246=CARTESIAN_POINT('',(-249.4,65.4,8.));
#1247=DIRECTION('',(-1.,0.,0.));
#1248=DIRECTION('',(0.,0.,1.));
#1249=AXIS2_PLACEMENT_3D('',#1246,#1247,#1248);
#1250=CYLINDRICAL_SURFACE('',#1249,2.);
#1251=ORIENTED_EDGE('',*,*,#257,.T.);
#1252=ORIENTED_EDGE('',*,*,#760,.T.);
#1253=CARTESIAN_POINT('',(-253.,63.4,8.));
#1254=DIRECTION('',(-1.,0.,0.));
#1255=VECTOR('',#1254,3.);
#1256=LINE('',#1253,#1255);
#1257=EDGE_CURVE('',#485,#748,#1256,.T.);
#1258=ORIENTED_EDGE('',*,*,#1257,.F.);
#1259=ORIENTED_EDGE('',*,*,#491,.F.);
#1260=EDGE_LOOP('',(#1251,#1252,#1258,#1259));
#1261=FACE_BOUND('',#1260,.T.);
#1262=ADVANCED_FACE('',(#1261),#1250,.F.);
#1263=CARTESIAN_POINT('',(-249.4,63.4,12.4));
#1264=DIRECTION('',(0.,-1.,0.));
#1265=DIRECTION('',(0.,0.,-1.));
#1266=AXIS2_PLACEMENT_3D('',#1263,#1264,#1265);
#1267=PLANE('',#1266);
#1268=ORIENTED_EDGE('',*,*,#1257,.T.);
#1269=ORIENTED_EDGE('',*,*,#753,.T.);
#1270=ORIENTED_EDGE('',*,*,#847,.F.);
#1271=ORIENTED_EDGE('',*,*,#499,.F.);
#1272=EDGE_LOOP('',(#1268,#1269,#1270,#1271));
#1273=FACE_BOUND('',#1272,.T.);
#1274=ADVANCED_FACE('',(#1273),#1267,.F.);
#1275=CARTESIAN_POINT('',(-249.4,93.4,12.4));
#1276=DIRECTION('',(0.,1.,0.));
#1277=DIRECTION('',(0.,0.,1.));
#1278=AXIS2_PLACEMENT_3D('',#1275,#1276,#1277);
#1279=PLANE('',#1278);
#1280=ORIENTED_EDGE('',*,*,#886,.F.);
#1281=ORIENTED_EDGE('',*,*,#778,.T.);
#1282=ORIENTED_EDGE('',*,*,#1238,.F.);
#1283=ORIENTED_EDGE('',*,*,#127,.F.);
#1284=EDGE_LOOP('',(#1280,#1281,#1282,#1283));
#1285=FACE_BOUND('',#1284,.T.);
#1286=ADVANCED_FACE('',(#1285),#1279,.F.);
#1287=CARTESIAN_POINT('',(0.,148.7,2.));
#1288=DIRECTION('',(0.,0.,-1.));
#1289=DIRECTION('',(1.,0.,0.));
#1290=AXIS2_PLACEMENT_3D('',#1287,#1288,#1289);
#1291=PLANE('',#1290);
#1292=CARTESIAN_POINT('',(-238.4,48.95,2.));
#1293=VERTEX_POINT('',#1292);
#1294=CARTESIAN_POINT('',(-164.1,48.95,2.));
#1295=VERTEX_POINT('',#1294);
#1296=CARTESIAN_POINT('',(-238.4,48.95,2.));
#1297=DIRECTION('',(1.,0.,-0.));
#1298=VECTOR('',#1297,74.3);
#1299=LINE('',#1296,#1298);
#1300=EDGE_CURVE('',#1293,#1295,#1299,.T.);
#1301=ORIENTED_EDGE('',*,*,#1300,.F.);
#1302=CARTESIAN_POINT('',(-238.4,99.39,2.));
#1303=VERTEX_POINT('',#1302);
#1304=CARTESIAN_POINT('',(-238.4,99.39,2.));
#1305=DIRECTION('',(0.,-1.,-0.));
#1306=VECTOR('',#1305,50.44);
#1307=LINE('',#1304,#1306);
#1308=EDGE_CURVE('',#1303,#1293,#1307,.T.);
#1309=ORIENTED_EDGE('',*,*,#1308,.F.);
#1310=CARTESIAN_POINT('',(-164.1,99.39,2.));
#1311=VERTEX_POINT('',#1310);
#1312=CARTESIAN_POINT('',(-164.1,99.39,2.));
#1313=DIRECTION('',(-1.,0.,0.));
#1314=VECTOR('',#1313,74.3);
#1315=LINE('',#1312,#1314);
#1316=EDGE_CURVE('',#1311,#1303,#1315,.T.);
#1317=ORIENTED_EDGE('',*,*,#1316,.F.);
#1318=CARTESIAN_POINT('',(-164.1,48.95,2.));
#1319=DIRECTION('',(0.,1.,0.));
#1320=VECTOR('',#1319,50.44);
#1321=LINE('',#1318,#1320);
#1322=EDGE_CURVE('',#1295,#1311,#1321,.T.);
#1323=ORIENTED_EDGE('',*,*,#1322,.F.);
#1324=EDGE_LOOP('',(#1301,#1309,#1317,#1323));
#1325=FACE_BOUND('',#1324,.T.);
#1326=ORIENTED_EDGE('',*,*,#959,.T.);
#1327=ORIENTED_EDGE('',*,*,#936,.T.);
#1328=ORIENTED_EDGE('',*,*,#978,.T.);
#1329=ORIENTED_EDGE('',*,*,#397,.T.);
#1330=ORIENTED_EDGE('',*,*,#1207,.T.);
#1331=ORIENTED_EDGE('',*,*,#1190,.T.);
#1332=ORIENTED_EDGE('',*,*,#1224,.T.);
#1333=ORIENTED_EDGE('',*,*,#429,.T.);
#1334=EDGE_LOOP('',(#1326,#1327,#1328,#1329,#1330,#1331,#1332,#1333));
#1335=FACE_BOUND('',#1334,.T.);
#1336=ADVANCED_FACE('',(#1325,#1335),#1291,.F.);
#1337=CARTESIAN_POINT('',(0.,148.7,0.));
#1338=DIRECTION('',(0.,0.,-1.));
#1339=DIRECTION('',(1.,0.,0.));
#1340=AXIS2_PLACEMENT_3D('',#1337,#1338,#1339);
#1341=PLANE('',#1340);
#1342=CARTESIAN_POINT('',(-162.1,46.95,-0.));
#1343=VERTEX_POINT('',#1342);
#1344=CARTESIAN_POINT('',(-162.1,101.39,0.));
#1345=VERTEX_POINT('',#1344);
#1346=CARTESIAN_POINT('',(-162.1,46.95,-0.));
#1347=DIRECTION('',(0.,1.,0.));
#1348=VECTOR('',#1347,54.44);
#1349=LINE('',#1346,#1348);
#1350=EDGE_CURVE('',#1343,#1345,#1349,.T.);
#1351=ORIENTED_EDGE('',*,*,#1350,.T.);
#1352=CARTESIAN_POINT('',(-240.4,101.39,0.));
#1353=VERTEX_POINT('',#1352);
#1354=CARTESIAN_POINT('',(-162.1,101.39,0.));
#1355=DIRECTION('',(-1.,0.,0.));
#1356=VECTOR('',#1355,78.3);
#1357=LINE('',#1354,#1356);
#1358=EDGE_CURVE('',#1345,#1353,#1357,.T.);
#1359=ORIENTED_EDGE('',*,*,#1358,.T.);
#1360=CARTESIAN_POINT('',(-240.4,46.95,-0.));
#1361=VERTEX_POINT('',#1360);
#1362=CARTESIAN_POINT('',(-240.4,101.39,0.));
#1363=DIRECTION('',(0.,-1.,-0.));
#1364=VECTOR('',#1363,54.44);
#1365=LINE('',#1362,#1364);
#1366=EDGE_CURVE('',#1353,#1361,#1365,.T.);
#1367=ORIENTED_EDGE('',*,*,#1366,.T.);
#1368=CARTESIAN_POINT('',(-240.4,46.95,-0.));
#1369=DIRECTION('',(1.,0.,-0.));
#1370=VECTOR('',#1369,78.3);
#1371=LINE('',#1368,#1370);
#1372=EDGE_CURVE('',#1361,#1343,#1371,.T.);
#1373=ORIENTED_EDGE('',*,*,#1372,.T.);
#1374=EDGE_LOOP('',(#1351,#1359,#1367,#1373));
#1375=FACE_BOUND('',#1374,.T.);
#1376=ORIENTED_EDGE('',*,*,#705,.F.);
#1377=ORIENTED_EDGE('',*,*,#1157,.T.);
#1378=ORIENTED_EDGE('',*,*,#729,.F.);
#1379=ORIENTED_EDGE('',*,*,#1139,.T.);
#1380=ORIENTED_EDGE('',*,*,#818,.F.);
#1381=ORIENTED_EDGE('',*,*,#1121,.T.);
#1382=ORIENTED_EDGE('',*,*,#657,.F.);
#1383=ORIENTED_EDGE('',*,*,#1103,.T.);
#1384=EDGE_LOOP('',(#1376,#1377,#1378,#1379,#1380,#1381,#1382,#1383));
#1385=FACE_BOUND('',#1384,.T.);
#1386=ORIENTED_EDGE('',*,*,#1002,.F.);
#1387=EDGE_LOOP('',(#1386));
#1388=FACE_BOUND('',#1387,.T.);
#1389=ORIENTED_EDGE('',*,*,#1029,.F.);
#1390=EDGE_LOOP('',(#1389));
#1391=FACE_BOUND('',#1390,.T.);
#1392=ORIENTED_EDGE('',*,*,#1056,.F.);
#1393=EDGE_LOOP('',(#1392));
#1394=FACE_BOUND('',#1393,.T.);
#1395=ORIENTED_EDGE('',*,*,#1083,.F.);
#1396=EDGE_LOOP('',(#1395));
#1397=FACE_BOUND('',#1396,.T.);
#1398=ADVANCED_FACE('',(#1375,#1385,#1388,#1391,#1394,#1397),#1341,.T.);
#1399=CARTESIAN_POINT('',(-240.4,148.7,2.));
#1400=DIRECTION('',(0.,-1.,-0.));
#1401=DIRECTION('',(0.,0.,-1.));
#1402=AXIS2_PLACEMENT_3D('',#1399,#1400,#1401);
#1403=CYLINDRICAL_SURFACE('',#1402,2.);
#1404=ORIENTED_EDGE('',*,*,#1366,.F.);
#1405=CARTESIAN_POINT('',(-240.4,101.39,2.));
#1406=DIRECTION('',(-0.707106781,-0.707106781,-0.));
#1407=DIRECTION('',(-0.707106781,0.707106781,0.));
#1408=AXIS2_PLACEMENT_3D('',#1405,#1406,#1407);
#1409=ELLIPSE('',#1408,2.828427125,2.);
#1410=EDGE_CURVE('',#1353,#1303,#1409,.T.);
#1411=ORIENTED_EDGE('',*,*,#1410,.T.);
#1412=ORIENTED_EDGE('',*,*,#1308,.T.);
#1413=CARTESIAN_POINT('',(-240.4,46.95,2.));
#1414=DIRECTION('',(-0.707106781,0.707106781,0.));
#1415=DIRECTION('',(0.707106781,0.707106781,0.));
#1416=AXIS2_PLACEMENT_3D('',#1413,#1414,#1415);
#1417=ELLIPSE('',#1416,2.828427125,2.);
#1418=EDGE_CURVE('',#1293,#1361,#1417,.T.);
#1419=ORIENTED_EDGE('',*,*,#1418,.T.);
#1420=EDGE_LOOP('',(#1404,#1411,#1412,#1419));
#1421=FACE_BOUND('',#1420,.T.);
#1422=ADVANCED_FACE('',(#1421),#1403,.T.);
#1423=CARTESIAN_POINT('',(0.,101.39,2.));
#1424=DIRECTION('',(-1.,0.,0.));
#1425=DIRECTION('',(0.,0.,1.));
#1426=AXIS2_PLACEMENT_3D('',#1423,#1424,#1425);
#1427=CYLINDRICAL_SURFACE('',#1426,2.);
#1428=ORIENTED_EDGE('',*,*,#1358,.F.);
#1429=CARTESIAN_POINT('',(-162.1,101.39,2.));
#1430=DIRECTION('',(-0.707106781,0.707106781,0.));
#1431=DIRECTION('',(0.707106781,0.707106781,0.));
#1432=AXIS2_PLACEMENT_3D('',#1429,#1430,#1431);
#1433=ELLIPSE('',#1432,2.828427125,2.);
#1434=EDGE_CURVE('',#1345,#1311,#1433,.T.);
#1435=ORIENTED_EDGE('',*,*,#1434,.T.);
#1436=ORIENTED_EDGE('',*,*,#1316,.T.);
#1437=ORIENTED_EDGE('',*,*,#1410,.F.);
#1438=EDGE_LOOP('',(#1428,#1435,#1436,#1437));
#1439=FACE_BOUND('',#1438,.T.);
#1440=ADVANCED_FACE('',(#1439),#1427,.T.);
#1441=CARTESIAN_POINT('',(0.,46.95,2.));
#1442=DIRECTION('',(1.,0.,0.));
#1443=DIRECTION('',(0.,0.,-1.));
#1444=AXIS2_PLACEMENT_3D('',#1441,#1442,#1443);
#1445=CYLINDRICAL_SURFACE('',#1444,2.);
#1446=ORIENTED_EDGE('',*,*,#1418,.F.);
#1447=ORIENTED_EDGE('',*,*,#1300,.T.);
#1448=CARTESIAN_POINT('',(-162.1,46.95,2.));
#1449=DIRECTION('',(-0.707106781,-0.707106781,-0.));
#1450=DIRECTION('',(-0.707106781,0.707106781,0.));
#1451=AXIS2_PLACEMENT_3D('',#1448,#1449,#1450);
#1452=ELLIPSE('',#1451,2.828427125,2.);
#1453=EDGE_CURVE('',#1295,#1343,#1452,.T.);
#1454=ORIENTED_EDGE('',*,*,#1453,.T.);
#1455=ORIENTED_EDGE('',*,*,#1372,.F.);
#1456=EDGE_LOOP('',(#1446,#1447,#1454,#1455));
#1457=FACE_BOUND('',#1456,.T.);
#1458=ADVANCED_FACE('',(#1457),#1445,.T.);
#1459=CARTESIAN_POINT('',(-162.1,148.7,2.));
#1460=DIRECTION('',(0.,1.,0.));
#1461=DIRECTION('',(0.,-0.,1.));
#1462=AXIS2_PLACEMENT_3D('',#1459,#1460,#1461);
#1463=CYLINDRICAL_SURFACE('',#1462,2.);
#1464=ORIENTED_EDGE('',*,*,#1453,.F.);
#1465=ORIENTED_EDGE('',*,*,#1322,.T.);
#1466=ORIENTED_EDGE('',*,*,#1434,.F.);
#1467=ORIENTED_EDGE('',*,*,#1350,.F.);
#1468=EDGE_LOOP('',(#1464,#1465,#1466,#1467));
#1469=FACE_BOUND('',#1468,.T.);
#1470=ADVANCED_FACE('',(#1469),#1463,.T.);
#1471=CLOSED_SHELL('',(#131,#376,#407,#446,#478,#518,#549,#574,#592,#610,#635,#675,#715,#796,#836,#903,#915,#946,#964,#982,#1009,#1036,#1063,#1090,#1109,#1127,
#1145,#1163,#1194,#1211,#1228,#1245,#1262,#1274,#1286,#1336,#1398,#1422,#1440,#1458,#1470));
#1472=MANIFOLD_SOLID_BREP('Imported 12 (3)',#1471);
#1473=COLOUR_RGB('',0.627451003,0.627451003,0.643137276);
#1474=FILL_AREA_STYLE_COLOUR('',#1473);
#1475=FILL_AREA_STYLE('',(#1474));
#1476=SURFACE_STYLE_FILL_AREA(#1475);
#1477=SURFACE_SIDE_STYLE('',(#1476));
#1478=SURFACE_STYLE_USAGE(.BOTH.,#1477);
#1479=PRESENTATION_STYLE_ASSIGNMENT((#1478));
#82=STYLED_ITEM('',(#1479),#1472);
#63=SHAPE_REPRESENTATION('XK-1',(#15),#61);
#64=ADVANCED_BREP_SHAPE_REPRESENTATION('XK-1',(#1472),#61);
#1487=SHAPE_REPRESENTATION_RELATIONSHIP('','',#63,#64);
#1488=CARTESIAN_POINT('',(0.,0.,0.));
#1489=DIRECTION('',(0.,0.,1.));
#1490=DIRECTION('',(1.,0.,0.));
#1491=AXIS2_PLACEMENT_3D('',#1488,#1489,#1490);
#1493=MAPPED_ITEM('',#1492,#1491);
#1492=REPRESENTATION_MAP(#1491,#63);
#1494=APPLICATION_CONTEXT('Managed model based 3d engineering');
#1495=APPLICATION_PROTOCOL_DEFINITION('international standard','ap242_managed_model_based_3d_engineering',2014,#1494);
#1496=PRODUCT_CONTEXT('',#1494,'mechanical');
#1497=PRODUCT_DEFINITION_CONTEXT('part definition',#1494,'design');
#71=PRODUCT('XK-1','XK-1','',(#1496));
#1498=PRODUCT_RELATED_PRODUCT_CATEGORY('part','',(#71));
#1499=PRODUCT_DEFINITION_FORMATION_WITH_SPECIFIED_SOURCE('','',#71,.NOT_KNOWN.);
#72=PRODUCT_DEFINITION('design','',#1499,#1497);
#70=PRODUCT_DEFINITION_SHAPE('','',#72);
#1500=SHAPE_DEFINITION_REPRESENTATION(#70,#63);
#62=DRAUGHTING_MODEL('',(#1493),#61);
#1501=(NAMED_UNIT(*)PLANE_ANGLE_UNIT()SI_UNIT($,.RADIAN.));
#1502=PLANE_ANGLE_MEASURE_WITH_UNIT(PLANE_ANGLE_MEASURE(0.0174532925),#1501);
#1503=(CONVERSION_BASED_UNIT('DEGREE',#1502)NAMED_UNIT(#1504)PLANE_ANGLE_UNIT());
#1504=DIMENSIONAL_EXPONENTS(0.,0.,0.,0.,0.,0.,0.);
#1505=(NAMED_UNIT(*)SI_UNIT($,.STERADIAN.)SOLID_ANGLE_UNIT());
#1506=(LENGTH_UNIT()NAMED_UNIT(*)SI_UNIT(.MILLI.,.METRE.));
#1507=UNCERTAINTY_MEASURE_WITH_UNIT(LENGTH_MEASURE(1.000000E-03),#1506,'DISTANCE_ACCURACY_VALUE','Maximum Tolerance applied to model');
#1508=(GEOMETRIC_REPRESENTATION_CONTEXT(3)GLOBAL_UNCERTAINTY_ASSIGNED_CONTEXT((#1507))GLOBAL_UNIT_ASSIGNED_CONTEXT((#1506,#1503,#1505))REPRESENTATION_CONTEXT('','PM-1'));
#1520=CARTESIAN_POINT('',(0.,0.,0.));
#1521=DIRECTION('',(0.,0.,1.));
#1522=DIRECTION('',(1.,0.,-0.));
#1523=AXIS2_PLACEMENT_3D('',#1520,#1521,#1522);
#1524=ITEM_DEFINED_TRANSFORMATION('','',#1523,#15);
#1525=(REPRESENTATION_RELATIONSHIP('','',#1510,#35)REPRESENTATION_RELATIONSHIP_WITH_TRANSFORMATION(#1524)SHAPE_REPRESENTATION_RELATIONSHIP());
#1526=NEXT_ASSEMBLY_USAGE_OCCURRENCE('PM-1_3','PM-1','PM-1',#44,#1519,$);
#1527=PRODUCT_DEFINITION_SHAPE('','',#1526);
#1528=CONTEXT_DEPENDENT_SHAPE_REPRESENTATION(#1525,#1527);
#1510=SHAPE_REPRESENTATION('PM-1',(#15),#1508);
#1529=CARTESIAN_POINT('',(0.,0.,0.));
#1530=DIRECTION('',(0.,0.,1.));
#1531=DIRECTION('',(1.,0.,0.));
#1532=AXIS2_PLACEMENT_3D('',#1529,#1530,#1531);
#1534=MAPPED_ITEM('',#1533,#1532);
#1533=REPRESENTATION_MAP(#1532,#1510);
#1518=PRODUCT('PM-1','PM-1','',(#1496));
#1535=PRODUCT_RELATED_PRODUCT_CATEGORY('part','',(#1518));
#1536=PRODUCT_DEFINITION_FORMATION_WITH_SPECIFIED_SOURCE('','',#1518,.NOT_KNOWN.);
#1519=PRODUCT_DEFINITION('design','',#1536,#1497);
#1517=PRODUCT_DEFINITION_SHAPE('','',#1519);
#1537=SHAPE_DEFINITION_REPRESENTATION(#1517,#1510);
#1509=DRAUGHTING_MODEL('',(#1534),#1508);
#1538=(NAMED_UNIT(*)PLANE_ANGLE_UNIT()SI_UNIT($,.RADIAN.));
#1539=PLANE_ANGLE_MEASURE_WITH_UNIT(PLANE_ANGLE_MEASURE(0.0174532925),#1538);
#1540=(CONVERSION_BASED_UNIT('DEGREE',#1539)NAMED_UNIT(#1541)PLANE_ANGLE_UNIT());
#1541=DIMENSIONAL_EXPONENTS(0.,0.,0.,0.,0.,0.,0.);
#1542=(NAMED_UNIT(*)SI_UNIT($,.STERADIAN.)SOLID_ANGLE_UNIT());
#1543=(LENGTH_UNIT()NAMED_UNIT(*)SI_UNIT(.MILLI.,.METRE.));
#1544=UNCERTAINTY_MEASURE_WITH_UNIT(LENGTH_MEASURE(1.000000E-03),#1543,'DISTANCE_ACCURACY_VALUE','Maximum Tolerance applied to model');
#1545=(GEOMETRIC_REPRESENTATION_CONTEXT(3)GLOBAL_UNCERTAINTY_ASSIGNED_CONTEXT((#1544))GLOBAL_UNIT_ASSIGNED_CONTEXT((#1543,#1540,#1542))REPRESENTATION_CONTEXT('','SK3_5'));
#1557=CARTESIAN_POINT('',(0.,0.,0.));
#1558=DIRECTION('',(0.,0.,1.));
#1559=DIRECTION('',(1.,0.,-0.));
#1560=AXIS2_PLACEMENT_3D('',#1557,#1558,#1559);
#1561=ITEM_DEFINED_TRANSFORMATION('','',#1560,#15);
#1562=(REPRESENTATION_RELATIONSHIP('','',#1547,#35)REPRESENTATION_RELATIONSHIP_WITH_TRANSFORMATION(#1561)SHAPE_REPRESENTATION_RELATIONSHIP());
#1563=NEXT_ASSEMBLY_USAGE_OCCURRENCE('SK3_5_4','SK3_5','SK3_5',#44,#1556,$);
#1564=PRODUCT_DEFINITION_SHAPE('','',#1563);
#1565=CONTEXT_DEPENDENT_SHAPE_REPRESENTATION(#1562,#1564);
#1547=SHAPE_REPRESENTATION('SK3_5',(#15),#1545);
#1566=CARTESIAN_POINT('',(0.,0.,0.));
#1567=DIRECTION('',(0.,0.,1.));
#1568=DIRECTION('',(1.,0.,0.));
#1569=AXIS2_PLACEMENT_3D('',#1566,#1567,#1568);
#1571=MAPPED_ITEM('',#1570,#1569);
#1570=REPRESENTATION_MAP(#1569,#1547);
#1555=PRODUCT('SK3_5','SK3_5','',(#1496));
#1572=PRODUCT_RELATED_PRODUCT_CATEGORY('part','',(#1555));
#1573=PRODUCT_DEFINITION_FORMATION_WITH_SPECIFIED_SOURCE('','',#1555,.NOT_KNOWN.);
#1556=PRODUCT_DEFINITION('design','',#1573,#1497);
#1554=PRODUCT_DEFINITION_SHAPE('','',#1556);
#1574=SHAPE_DEFINITION_REPRESENTATION(#1554,#1547);
#1546=DRAUGHTING_MODEL('',(#1571),#1545);
#1575=(NAMED_UNIT(*)PLANE_ANGLE_UNIT()SI_UNIT($,.RADIAN.));
#1576=PLANE_ANGLE_MEASURE_WITH_UNIT(PLANE_ANGLE_MEASURE(0.0174532925),#1575);
#1577=(CONVERSION_BASED_UNIT('DEGREE',#1576)NAMED_UNIT(#1578)PLANE_ANGLE_UNIT());
#1578=DIMENSIONAL_EXPONENTS(0.,0.,0.,0.,0.,0.,0.);
#1579=(NAMED_UNIT(*)SI_UNIT($,.STERADIAN.)SOLID_ANGLE_UNIT());
#1580=(LENGTH_UNIT()NAMED_UNIT(*)SI_UNIT(.MILLI.,.METRE.));
#1581=UNCERTAINTY_MEASURE_WITH_UNIT(LENGTH_MEASURE(1.000000E-05),#1580,'DISTANCE_ACCURACY_VALUE','Maximum Tolerance applied to model');
#1582=(GEOMETRIC_REPRESENTATION_CONTEXT(3)GLOBAL_UNCERTAINTY_ASSIGNED_CONTEXT((#1581))GLOBAL_UNIT_ASSIGNED_CONTEXT((#1580,#1577,#1579))REPRESENTATION_CONTEXT('','SG-3_5'));
#1594=CARTESIAN_POINT('',(0.,0.,0.));
#1595=DIRECTION('',(0.,0.,1.));
#1596=DIRECTION('',(1.,0.,-0.));
#1597=AXIS2_PLACEMENT_3D('',#1594,#1595,#1596);
#1598=ITEM_DEFINED_TRANSFORMATION('','',#1597,#15);
#1599=(REPRESENTATION_RELATIONSHIP('','',#1584,#35)REPRESENTATION_RELATIONSHIP_WITH_TRANSFORMATION(#1598)SHAPE_REPRESENTATION_RELATIONSHIP());
#1600=NEXT_ASSEMBLY_USAGE_OCCURRENCE('SG-3_5_5','SG-3_5','SG-3_5',#44,#1593,$);
#1601=PRODUCT_DEFINITION_SHAPE('','',#1600);
#1602=CONTEXT_DEPENDENT_SHAPE_REPRESENTATION(#1599,#1601);
#1604=CARTESIAN_POINT('',(-252.,31.05,-62.8));
#1605=DIRECTION('',(0.,1.,0.));
#1606=DIRECTION('',(0.,0.,1.));
#1607=AXIS2_PLACEMENT_3D('',#1604,#1605,#1606);
#1608=PLANE('',#1607);
#1609=CARTESIAN_POINT('',(-247.65,31.05,6.));
#1610=VERTEX_POINT('',#1609);
#1611=CARTESIAN_POINT('',(-247.65,31.05,8.));
#1612=VERTEX_POINT('',#1611);
#1613=CARTESIAN_POINT('',(-247.65,31.05,6.));
#1614=DIRECTION('',(0.,0.,1.));
#1615=VECTOR('',#1614,2.);
#1616=LINE('',#1613,#1615);
#1617=EDGE_CURVE('',#1610,#1612,#1616,.T.);
#1618=ORIENTED_EDGE('',*,*,#1617,.F.);
#1619=CARTESIAN_POINT('',(-159.55,31.05,6.));
#1620=VERTEX_POINT('',#1619);
#1621=CARTESIAN_POINT('',(-159.55,31.05,6.));
#1622=DIRECTION('',(-1.,0.,-0.));
#1623=VECTOR('',#1622,88.1);
#1624=LINE('',#1621,#1623);
#1625=EDGE_CURVE('',#1620,#1610,#1624,.T.);
#1626=ORIENTED_EDGE('',*,*,#1625,.F.);
#1627=CARTESIAN_POINT('',(-159.55,31.05,8.));
#1628=VERTEX_POINT('',#1627);
#1629=CARTESIAN_POINT('',(-159.55,31.05,6.));
#1630=DIRECTION('',(0.,0.,1.));
#1631=VECTOR('',#1630,2.);
#1632=LINE('',#1629,#1631);
#1633=EDGE_CURVE('',#1620,#1628,#1632,.T.);
#1634=ORIENTED_EDGE('',*,*,#1633,.T.);
#1635=CARTESIAN_POINT('',(-159.55,31.05,8.));
#1636=DIRECTION('',(-1.,0.,0.));
#1637=VECTOR('',#1636,88.1);
#1638=LINE('',#1635,#1637);
#1639=EDGE_CURVE('',#1628,#1612,#1638,.T.);
#1640=ORIENTED_EDGE('',*,*,#1639,.T.);
#1641=EDGE_LOOP('',(#1618,#1626,#1634,#1640));
#1642=FACE_BOUND('',#1641,.T.);
#1643=ADVANCED_FACE('',(#1642),#1608,.F.);
#1644=CARTESIAN_POINT('',(-256.,-0.,6.8));
#1645=DIRECTION('',(-1.,0.,0.));
#1646=DIRECTION('',(0.,0.,1.));
#1647=AXIS2_PLACEMENT_3D('',#1644,#1645,#1646);
#1648=PLANE('',#1647);
#1649=CARTESIAN_POINT('',(-256.,10.3,8.));
#1650=VERTEX_POINT('',#1649);
#1651=CARTESIAN_POINT('',(-256.,8.3,6.));
#1652=VERTEX_POINT('',#1651);
#1653=CARTESIAN_POINT('',(-256.,8.3,8.));
#1654=DIRECTION('',(-1.,-0.,0.));
#1655=DIRECTION('',(0.,-0.,-1.));
#1656=AXIS2_PLACEMENT_3D('',#1653,#1654,#1655);
#1657=CIRCLE('',#1656,2.);
#1658=EDGE_CURVE('',#1650,#1652,#1657,.T.);
#1659=ORIENTED_EDGE('',*,*,#1658,.F.);
#1660=CARTESIAN_POINT('',(-256.,30.05,8.));
#1661=VERTEX_POINT('',#1660);
#1662=CARTESIAN_POINT('',(-256.,10.3,8.));
#1663=DIRECTION('',(0.,1.,0.));
#1664=VECTOR('',#1663,19.75);
#1665=LINE('',#1662,#1664);
#1666=EDGE_CURVE('',#1650,#1661,#1665,.T.);
#1667=ORIENTED_EDGE('',*,*,#1666,.T.);
#1668=CARTESIAN_POINT('',(-256.,30.05,1.));
#1669=VERTEX_POINT('',#1668);
#1670=CARTESIAN_POINT('',(-256.,30.05,8.));
#1671=DIRECTION('',(0.,0.,-1.));
#1672=VECTOR('',#1671,7.);
#1673=LINE('',#1670,#1672);
#1674=EDGE_CURVE('',#1661,#1669,#1673,.T.);
#1675=ORIENTED_EDGE('',*,*,#1674,.T.);
#1676=CARTESIAN_POINT('',(-256.,-31.35,1.));
#1677=VERTEX_POINT('',#1676);
#1678=CARTESIAN_POINT('',(-256.,-31.35,1.));
#1679=DIRECTION('',(0.,1.,0.));
#1680=VECTOR('',#1679,61.4);
#1681=LINE('',#1678,#1680);
#1682=EDGE_CURVE('',#1677,#1669,#1681,.T.);
#1683=ORIENTED_EDGE('',*,*,#1682,.F.);
#1684=CARTESIAN_POINT('',(-256.,-31.35,8.));
#1685=VERTEX_POINT('',#1684);
#1686=CARTESIAN_POINT('',(-256.,-31.35,1.));
#1687=DIRECTION('',(-0.,-0.,1.));
#1688=VECTOR('',#1687,7.);
#1689=LINE('',#1686,#1688);
#1690=EDGE_CURVE('',#1677,#1685,#1689,.T.);
#1691=ORIENTED_EDGE('',*,*,#1690,.T.);
#1692=CARTESIAN_POINT('',(-256.,-19.7,8.));
#1693=VERTEX_POINT('',#1692);
#1694=CARTESIAN_POINT('',(-256.,-31.35,8.));
#1695=DIRECTION('',(0.,1.,0.));
#1696=VECTOR('',#1695,11.65);
#1697=LINE('',#1694,#1696);
#1698=EDGE_CURVE('',#1685,#1693,#1697,.T.);
#1699=ORIENTED_EDGE('',*,*,#1698,.T.);
#1700=CARTESIAN_POINT('',(-256.,-17.7,6.));
#1701=VERTEX_POINT('',#1700);
#1702=CARTESIAN_POINT('',(-256.,-17.7,8.));
#1703=DIRECTION('',(-1.,-0.,0.));
#1704=DIRECTION('',(0.,-0.,-1.));
#1705=AXIS2_PLACEMENT_3D('',#1702,#1703,#1704);
#1706=CIRCLE('',#1705,2.);
#1707=EDGE_CURVE('',#1701,#1693,#1706,.T.);
#1708=ORIENTED_EDGE('',*,*,#1707,.F.);
#1709=CARTESIAN_POINT('',(-256.,8.3,6.));
#1710=DIRECTION('',(0.,-1.,0.));
#1711=VECTOR('',#1710,26.);
#1712=LINE('',#1709,#1711);
#1713=EDGE_CURVE('',#1652,#1701,#1712,.T.);
#1714=ORIENTED_EDGE('',*,*,#1713,.F.);
#1715=EDGE_LOOP('',(#1659,#1667,#1675,#1683,#1691,#1699,#1708,#1714));
#1716=FACE_BOUND('',#1715,.T.);
#1717=ADVANCED_FACE('',(#1716),#1648,.T.);
#1718=CARTESIAN_POINT('',(-249.4,8.3,8.));
#1719=DIRECTION('',(-1.,-0.,-0.));
#1720=DIRECTION('',(0.,-0.,-1.));
#1721=AXIS2_PLACEMENT_3D('',#1718,#1719,#1720);
#1722=CYLINDRICAL_SURFACE('',#1721,2.);
#1723=CARTESIAN_POINT('',(-253.,10.3,8.));
#1724=VERTEX_POINT('',#1723);
#1725=CARTESIAN_POINT('',(-256.,10.3,8.));
#1726=DIRECTION('',(1.,0.,0.));
#1727=VECTOR('',#1726,3.);
#1728=LINE('',#1725,#1727);
#1729=EDGE_CURVE('',#1650,#1724,#1728,.T.);
#1730=ORIENTED_EDGE('',*,*,#1729,.F.);
#1731=ORIENTED_EDGE('',*,*,#1658,.T.);
#1732=CARTESIAN_POINT('',(-253.,8.3,6.));
#1733=VERTEX_POINT('',#1732);
#1734=CARTESIAN_POINT('',(-253.,8.3,6.));
#1735=DIRECTION('',(-1.,-0.,-0.));
#1736=VECTOR('',#1735,3.);
#1737=LINE('',#1734,#1736);
#1738=EDGE_CURVE('',#1733,#1652,#1737,.T.);
#1739=ORIENTED_EDGE('',*,*,#1738,.F.);
#1740=CARTESIAN_POINT('',(-253.,8.3,8.));
#1741=DIRECTION('',(-1.,-0.,0.));
#1742=DIRECTION('',(0.,-0.,-1.));
#1743=AXIS2_PLACEMENT_3D('',#1740,#1741,#1742);
#1744=CIRCLE('',#1743,2.);
#1745=EDGE_CURVE('',#1724,#1733,#1744,.T.);
#1746=ORIENTED_EDGE('',*,*,#1745,.F.);
#1747=EDGE_LOOP('',(#1730,#1731,#1739,#1746));
#1748=FACE_BOUND('',#1747,.T.);
#1749=ADVANCED_FACE('',(#1748),#1722,.F.);
#1750=CARTESIAN_POINT('',(-253.,-30.,-62.8));
#1751=DIRECTION('',(-1.,0.,0.));
#1752=DIRECTION('',(0.,0.,1.));
#1753=AXIS2_PLACEMENT_3D('',#1750,#1751,#1752);
#1754=PLANE('',#1753);
#1755=CARTESIAN_POINT('',(-253.,25.7,8.));
#1756=VERTEX_POINT('',#1755);
#1757=CARTESIAN_POINT('',(-253.,25.7,8.));
#1758=DIRECTION('',(0.,-1.,0.));
#1759=VECTOR('',#1758,15.4);
#1760=LINE('',#1757,#1759);
#1761=EDGE_CURVE('',#1756,#1724,#1760,.T.);
#1762=ORIENTED_EDGE('',*,*,#1761,.T.);
#1763=ORIENTED_EDGE('',*,*,#1745,.T.);
#1764=CARTESIAN_POINT('',(-253.,25.7,6.));
#1765=VERTEX_POINT('',#1764);
#1766=CARTESIAN_POINT('',(-253.,25.7,6.));
#1767=DIRECTION('',(0.,-1.,0.));
#1768=VECTOR('',#1767,17.4);
#1769=LINE('',#1766,#1768);
#1770=EDGE_CURVE('',#1765,#1733,#1769,.T.);
#1771=ORIENTED_EDGE('',*,*,#1770,.F.);
#1772=CARTESIAN_POINT('',(-253.,25.7,6.));
#1773=DIRECTION('',(0.,0.,1.));
#1774=VECTOR('',#1773,2.);
#1775=LINE('',#1772,#1774);
#1776=EDGE_CURVE('',#1765,#1756,#1775,.T.);
#1777=ORIENTED_EDGE('',*,*,#1776,.T.);
#1778=EDGE_LOOP('',(#1762,#1763,#1771,#1777));
#1779=FACE_BOUND('',#1778,.T.);
#1780=ADVANCED_FACE('',(#1779),#1754,.F.);
#1781=CARTESIAN_POINT('',(-253.,-30.,-62.8));
#1782=DIRECTION('',(-1.,0.,0.));
#1783=DIRECTION('',(0.,0.,1.));
#1784=AXIS2_PLACEMENT_3D('',#1781,#1782,#1783);
#1785=PLANE('',#1784);
#1786=CARTESIAN_POINT('',(-253.,-17.7,6.));
#1787=VERTEX_POINT('',#1786);
#1788=CARTESIAN_POINT('',(-253.,-19.7,8.));
#1789=VERTEX_POINT('',#1788);
#1790=CARTESIAN_POINT('',(-253.,-17.7,8.));
#1791=DIRECTION('',(-1.,-0.,0.));
#1792=DIRECTION('',(0.,-0.,-1.));
#1793=AXIS2_PLACEMENT_3D('',#1790,#1791,#1792);
#1794=CIRCLE('',#1793,2.);
#1795=EDGE_CURVE('',#1787,#1789,#1794,.T.);
#1796=ORIENTED_EDGE('',*,*,#1795,.T.);
#1797=CARTESIAN_POINT('',(-253.,-27.,8.));
#1798=VERTEX_POINT('',#1797);
#1799=CARTESIAN_POINT('',(-253.,-19.7,8.));
#1800=DIRECTION('',(0.,-1.,0.));
#1801=VECTOR('',#1800,7.3);
#1802=LINE('',#1799,#1801);
#1803=EDGE_CURVE('',#1789,#1798,#1802,.T.);
#1804=ORIENTED_EDGE('',*,*,#1803,.T.);
#1805=CARTESIAN_POINT('',(-253.,-27.,6.));
#1806=VERTEX_POINT('',#1805);
#1807=CARTESIAN_POINT('',(-253.,-27.,6.));
#1808=DIRECTION('',(0.,0.,1.));
#1809=VECTOR('',#1808,2.);
#1810=LINE('',#1807,#1809);
#1811=EDGE_CURVE('',#1806,#1798,#1810,.T.);
#1812=ORIENTED_EDGE('',*,*,#1811,.F.);
#1813=CARTESIAN_POINT('',(-253.,-17.7,6.));
#1814=DIRECTION('',(0.,-1.,0.));
#1815=VECTOR('',#1814,9.3);
#1816=LINE('',#1813,#1815);
#1817=EDGE_CURVE('',#1787,#1806,#1816,.T.);
#1818=ORIENTED_EDGE('',*,*,#1817,.F.);
#1819=EDGE_LOOP('',(#1796,#1804,#1812,#1818));
#1820=FACE_BOUND('',#1819,.T.);
#1821=ADVANCED_FACE('',(#1820),#1785,.F.);
#1822=CARTESIAN_POINT('',(-249.4,-17.7,8.));
#1823=DIRECTION('',(-1.,-0.,-0.));
#1824=DIRECTION('',(0.,-0.,-1.));
#1825=AXIS2_PLACEMENT_3D('',#1822,#1823,#1824);
#1826=CYLINDRICAL_SURFACE('',#1825,2.);
#1827=CARTESIAN_POINT('',(-253.,-19.7,8.));
#1828=DIRECTION('',(-1.,-0.,-0.));
#1829=VECTOR('',#1828,3.);
#1830=LINE('',#1827,#1829);
#1831=EDGE_CURVE('',#1789,#1693,#1830,.T.);
#1832=ORIENTED_EDGE('',*,*,#1831,.F.);
#1833=ORIENTED_EDGE('',*,*,#1795,.F.);
#1834=CARTESIAN_POINT('',(-253.,-17.7,6.));
#1835=DIRECTION('',(-1.,-0.,-0.));
#1836=VECTOR('',#1835,3.);
#1837=LINE('',#1834,#1836);
#1838=EDGE_CURVE('',#1787,#1701,#1837,.T.);
#1839=ORIENTED_EDGE('',*,*,#1838,.T.);
#1840=ORIENTED_EDGE('',*,*,#1707,.T.);
#1841=EDGE_LOOP('',(#1832,#1833,#1839,#1840));
#1842=FACE_BOUND('',#1841,.T.);
#1843=ADVANCED_FACE('',(#1842),#1826,.F.);
#1844=CARTESIAN_POINT('',(-252.,-32.35,-62.8));
#1845=DIRECTION('',(0.,-1.,0.));
#1846=DIRECTION('',(0.,0.,-1.));
#1847=AXIS2_PLACEMENT_3D('',#1844,#1845,#1846);
#1848=PLANE('',#1847);
#1849=CARTESIAN_POINT('',(-247.65,-32.35,6.));
#1850=VERTEX_POINT('',#1849);
#1851=CARTESIAN_POINT('',(-159.55,-32.35,6.));
#1852=VERTEX_POINT('',#1851);
#1853=CARTESIAN_POINT('',(-247.65,-32.35,6.));
#1854=DIRECTION('',(1.,0.,0.));
#1855=VECTOR('',#1854,88.1);
#1856=LINE('',#1853,#1855);
#1857=EDGE_CURVE('',#1850,#1852,#1856,.T.);
#1858=ORIENTED_EDGE('',*,*,#1857,.F.);
#1859=CARTESIAN_POINT('',(-247.65,-32.35,8.));
#1860=VERTEX_POINT('',#1859);
#1861=CARTESIAN_POINT('',(-247.65,-32.35,6.));
#1862=DIRECTION('',(0.,0.,1.));
#1863=VECTOR('',#1862,2.);
#1864=LINE('',#1861,#1863);
#1865=EDGE_CURVE('',#1850,#1860,#1864,.T.);
#1866=ORIENTED_EDGE('',*,*,#1865,.T.);
#1867=CARTESIAN_POINT('',(-159.55,-32.35,8.));
#1868=VERTEX_POINT('',#1867);
#1869=CARTESIAN_POINT('',(-247.65,-32.35,8.));
#1870=DIRECTION('',(1.,0.,-0.));
#1871=VECTOR('',#1870,88.1);
#1872=LINE('',#1869,#1871);
#1873=EDGE_CURVE('',#1860,#1868,#1872,.T.);
#1874=ORIENTED_EDGE('',*,*,#1873,.T.);
#1875=CARTESIAN_POINT('',(-159.55,-32.35,6.));
#1876=DIRECTION('',(0.,0.,1.));
#1877=VECTOR('',#1876,2.);
#1878=LINE('',#1875,#1877);
#1879=EDGE_CURVE('',#1852,#1868,#1878,.T.);
#1880=ORIENTED_EDGE('',*,*,#1879,.F.);
#1881=EDGE_LOOP('',(#1858,#1866,#1874,#1880));
#1882=FACE_BOUND('',#1881,.T.);
#1883=ADVANCED_FACE('',(#1882),#1848,.F.);
#1884=CARTESIAN_POINT('',(-159.55,-27.,-62.8));
#1885=DIRECTION('',(0.,0.,1.));
#1886=DIRECTION('',(1.,0.,-0.));
#1887=AXIS2_PLACEMENT_3D('',#1884,#1885,#1886);
#1888=CYLINDRICAL_SURFACE('',#1887,5.35);
#1889=CARTESIAN_POINT('',(-154.2,-27.,6.));
#1890=VERTEX_POINT('',#1889);
#1891=CARTESIAN_POINT('',(-159.55,-27.,6.));
#1892=DIRECTION('',(-0.,-0.,1.));
#1893=DIRECTION('',(-1.,0.,-0.));
#1894=AXIS2_PLACEMENT_3D('',#1891,#1892,#1893);
#1895=CIRCLE('',#1894,5.35);
#1896=EDGE_CURVE('',#1852,#1890,#1895,.T.);
#1897=ORIENTED_EDGE('',*,*,#1896,.F.);
#1898=ORIENTED_EDGE('',*,*,#1879,.T.);
#1899=CARTESIAN_POINT('',(-154.2,-27.,8.));
#1900=VERTEX_POINT('',#1899);
#1901=CARTESIAN_POINT('',(-159.55,-27.,8.));
#1902=DIRECTION('',(0.,0.,1.));
#1903=DIRECTION('',(1.,0.,-0.));
#1904=AXIS2_PLACEMENT_3D('',#1901,#1902,#1903);
#1905=CIRCLE('',#1904,5.35);
#1906=EDGE_CURVE('',#1868,#1900,#1905,.T.);
#1907=ORIENTED_EDGE('',*,*,#1906,.T.);
#1908=CARTESIAN_POINT('',(-154.2,-27.,6.));
#1909=DIRECTION('',(0.,0.,1.));
#1910=VECTOR('',#1909,2.);
#1911=LINE('',#1908,#1910);
#1912=EDGE_CURVE('',#1890,#1900,#1911,.T.);
#1913=ORIENTED_EDGE('',*,*,#1912,.F.);
#1914=EDGE_LOOP('',(#1897,#1898,#1907,#1913));
#1915=FACE_BOUND('',#1914,.T.);
#1916=ADVANCED_FACE('',(#1915),#1888,.F.);
#1917=CARTESIAN_POINT('',(-247.65,-27.,-62.8));
#1918=DIRECTION('',(0.,0.,1.));
#1919=DIRECTION('',(1.,0.,-0.));
#1920=AXIS2_PLACEMENT_3D('',#1917,#1918,#1919);
#1921=CYLINDRICAL_SURFACE('',#1920,5.35);
#1922=CARTESIAN_POINT('',(-247.65,-27.,6.));
#1923=DIRECTION('',(-0.,-0.,1.));
#1924=DIRECTION('',(-1.,0.,-0.));
#1925=AXIS2_PLACEMENT_3D('',#1922,#1923,#1924);
#1926=CIRCLE('',#1925,5.35);
#1927=EDGE_CURVE('',#1806,#1850,#1926,.T.);
#1928=ORIENTED_EDGE('',*,*,#1927,.F.);
#1929=ORIENTED_EDGE('',*,*,#1811,.T.);
#1930=CARTESIAN_POINT('',(-247.65,-27.,8.));
#1931=DIRECTION('',(0.,0.,1.));
#1932=DIRECTION('',(1.,0.,-0.));
#1933=AXIS2_PLACEMENT_3D('',#1930,#1931,#1932);
#1934=CIRCLE('',#1933,5.35);
#1935=EDGE_CURVE('',#1798,#1860,#1934,.T.);
#1936=ORIENTED_EDGE('',*,*,#1935,.T.);
#1937=ORIENTED_EDGE('',*,*,#1865,.F.);
#1938=EDGE_LOOP('',(#1928,#1929,#1936,#1937));
#1939=FACE_BOUND('',#1938,.T.);
#1940=ADVANCED_FACE('',(#1939),#1921,.F.);
#1941=CARTESIAN_POINT('',(-247.65,25.7,-62.8));
#1942=DIRECTION('',(0.,0.,1.));
#1943=DIRECTION('',(1.,0.,-0.));
#1944=AXIS2_PLACEMENT_3D('',#1941,#1942,#1943);
#1945=CYLINDRICAL_SURFACE('',#1944,5.35);
#1946=CARTESIAN_POINT('',(-247.65,25.7,6.));
#1947=DIRECTION('',(-0.,-0.,1.));
#1948=DIRECTION('',(-1.,0.,-0.));
#1949=AXIS2_PLACEMENT_3D('',#1946,#1947,#1948);
#1950=CIRCLE('',#1949,5.35);
#1951=EDGE_CURVE('',#1610,#1765,#1950,.T.);
#1952=ORIENTED_EDGE('',*,*,#1951,.F.);
#1953=ORIENTED_EDGE('',*,*,#1617,.T.);
#1954=CARTESIAN_POINT('',(-247.65,25.7,8.));
#1955=DIRECTION('',(0.,0.,1.));
#1956=DIRECTION('',(1.,0.,-0.));
#1957=AXIS2_PLACEMENT_3D('',#1954,#1955,#1956);
#1958=CIRCLE('',#1957,5.35);
#1959=EDGE_CURVE('',#1612,#1756,#1958,.T.);
#1960=ORIENTED_EDGE('',*,*,#1959,.T.);
#1961=ORIENTED_EDGE('',*,*,#1776,.F.);
#1962=EDGE_LOOP('',(#1952,#1953,#1960,#1961));
#1963=FACE_BOUND('',#1962,.T.);
#1964=ADVANCED_FACE('',(#1963),#1945,.F.);
#1965=CARTESIAN_POINT('',(-159.55,25.7,-62.8));
#1966=DIRECTION('',(0.,0.,1.));
#1967=DIRECTION('',(1.,0.,-0.));
#1968=AXIS2_PLACEMENT_3D('',#1965,#1966,#1967);
#1969=CYLINDRICAL_SURFACE('',#1968,5.35);
#1970=CARTESIAN_POINT('',(-154.2,25.7,6.));
#1971=VERTEX_POINT('',#1970);
#1972=CARTESIAN_POINT('',(-159.55,25.7,6.));
#1973=DIRECTION('',(-0.,-0.,1.));
#1974=DIRECTION('',(-1.,0.,-0.));
#1975=AXIS2_PLACEMENT_3D('',#1972,#1973,#1974);
#1976=CIRCLE('',#1975,5.35);
#1977=EDGE_CURVE('',#1971,#1620,#1976,.T.);
#1978=ORIENTED_EDGE('',*,*,#1977,.F.);
#1979=CARTESIAN_POINT('',(-154.2,25.7,8.));
#1980=VERTEX_POINT('',#1979);
#1981=CARTESIAN_POINT('',(-154.2,25.7,6.));
#1982=DIRECTION('',(0.,0.,1.));
#1983=VECTOR('',#1982,2.);
#1984=LINE('',#1981,#1983);
#1985=EDGE_CURVE('',#1971,#1980,#1984,.T.);
#1986=ORIENTED_EDGE('',*,*,#1985,.T.);
#1987=CARTESIAN_POINT('',(-159.55,25.7,8.));
#1988=DIRECTION('',(0.,0.,1.));
#1989=DIRECTION('',(1.,0.,-0.));
#1990=AXIS2_PLACEMENT_3D('',#1987,#1988,#1989);
#1991=CIRCLE('',#1990,5.35);
#1992=EDGE_CURVE('',#1980,#1628,#1991,.T.);
#1993=ORIENTED_EDGE('',*,*,#1992,.T.);
#1994=ORIENTED_EDGE('',*,*,#1633,.F.);
#1995=EDGE_LOOP('',(#1978,#1986,#1993,#1994));
#1996=FACE_BOUND('',#1995,.T.);
#1997=ADVANCED_FACE('',(#1996),#1969,.F.);
#1998=CARTESIAN_POINT('',(0.,-75.,1.));
#1999=DIRECTION('',(0.,0.,1.));
#2000=DIRECTION('',(1.,0.,0.));
#2001=AXIS2_PLACEMENT_3D('',#1998,#1999,#2000);
#2002=PLANE('',#2001);
#2003=CARTESIAN_POINT('',(-227.1,-19.115,1.));
#2004=VERTEX_POINT('',#2003);
#2005=CARTESIAN_POINT('',(-242.1,-19.115,1.));
#2006=VERTEX_POINT('',#2005);
#2007=CARTESIAN_POINT('',(-227.1,-19.115,1.));
#2008=DIRECTION('',(-1.,-0.,0.));
#2009=VECTOR('',#2008,15.);
#2010=LINE('',#2007,#2009);
#2011=EDGE_CURVE('',#2004,#2006,#2010,.T.);
#2012=ORIENTED_EDGE('',*,*,#2011,.T.);
#2013=CARTESIAN_POINT('',(-243.6,-20.615,1.));
#2014=VERTEX_POINT('',#2013);
#2015=CARTESIAN_POINT('',(-242.1,-20.615,1.));
#2016=DIRECTION('',(0.,0.,1.));
#2017=DIRECTION('',(1.,0.,-0.));
#2018=AXIS2_PLACEMENT_3D('',#2015,#2016,#2017);
#2019=CIRCLE('',#2018,1.5);
#2020=EDGE_CURVE('',#2006,#2014,#2019,.T.);
#2021=ORIENTED_EDGE('',*,*,#2020,.T.);
#2022=CARTESIAN_POINT('',(-243.6,-27.94,1.));
#2023=VERTEX_POINT('',#2022);
#2024=CARTESIAN_POINT('',(-243.6,-20.615,1.));
#2025=DIRECTION('',(-0.,-1.,-0.));
#2026=VECTOR('',#2025,7.325);
#2027=LINE('',#2024,#2026);
#2028=EDGE_CURVE('',#2014,#2023,#2027,.T.);
#2029=ORIENTED_EDGE('',*,*,#2028,.T.);
#2030=CARTESIAN_POINT('',(-242.1,-29.44,1.));
#2031=VERTEX_POINT('',#2030);
#2032=CARTESIAN_POINT('',(-242.1,-27.94,1.));
#2033=DIRECTION('',(0.,0.,1.));
#2034=DIRECTION('',(1.,0.,-0.));
#2035=AXIS2_PLACEMENT_3D('',#2032,#2033,#2034);
#2036=CIRCLE('',#2035,1.5);
#2037=EDGE_CURVE('',#2023,#2031,#2036,.T.);
#2038=ORIENTED_EDGE('',*,*,#2037,.T.);
#2039=CARTESIAN_POINT('',(-227.1,-29.44,1.));
#2040=VERTEX_POINT('',#2039);
#2041=CARTESIAN_POINT('',(-242.1,-29.44,1.));
#2042=DIRECTION('',(1.,-0.,-0.));
#2043=VECTOR('',#2042,15.);
#2044=LINE('',#2041,#2043);
#2045=EDGE_CURVE('',#2031,#2040,#2044,.T.);
#2046=ORIENTED_EDGE('',*,*,#2045,.T.);
#2047=CARTESIAN_POINT('',(-225.6,-27.94,1.));
#2048=VERTEX_POINT('',#2047);
#2049=CARTESIAN_POINT('',(-227.1,-27.94,1.));
#2050=DIRECTION('',(0.,0.,1.));
#2051=DIRECTION('',(1.,0.,-0.));
#2052=AXIS2_PLACEMENT_3D('',#2049,#2050,#2051);
#2053=CIRCLE('',#2052,1.5);
#2054=EDGE_CURVE('',#2040,#2048,#2053,.T.);
#2055=ORIENTED_EDGE('',*,*,#2054,.T.);
#2056=CARTESIAN_POINT('',(-225.6,-20.615,1.));
#2057=VERTEX_POINT('',#2056);
#2058=CARTESIAN_POINT('',(-225.6,-27.94,1.));
#2059=DIRECTION('',(-0.,1.,-0.));
#2060=VECTOR('',#2059,7.325);
#2061=LINE('',#2058,#2060);
#2062=EDGE_CURVE('',#2048,#2057,#2061,.T.);
#2063=ORIENTED_EDGE('',*,*,#2062,.T.);
#2064=CARTESIAN_POINT('',(-227.1,-20.615,1.));
#2065=DIRECTION('',(0.,0.,1.));
#2066=DIRECTION('',(1.,0.,-0.));
#2067=AXIS2_PLACEMENT_3D('',#2064,#2065,#2066);
#2068=CIRCLE('',#2067,1.5);
#2069=EDGE_CURVE('',#2057,#2004,#2068,.T.);
#2070=ORIENTED_EDGE('',*,*,#2069,.T.);
#2071=EDGE_LOOP('',(#2012,#2021,#2029,#2038,#2046,#2055,#2063,#2070));
#2072=FACE_BOUND('',#2071,.T.);
#2073=CARTESIAN_POINT('',(-215.28,-19.03,1.));
#2074=VERTEX_POINT('',#2073);
#2075=CARTESIAN_POINT('',(-215.28,-14.03,1.));
#2076=VERTEX_POINT('',#2075);
#2077=CARTESIAN_POINT('',(-215.28,-19.03,1.));
#2078=DIRECTION('',(-0.,1.,-0.));
#2079=VECTOR('',#2078,5.);
#2080=LINE('',#2077,#2079);
#2081=EDGE_CURVE('',#2074,#2076,#2080,.T.);
#2082=ORIENTED_EDGE('',*,*,#2081,.T.);
#2083=CARTESIAN_POINT('',(-216.78,-12.53,1.));
#2084=VERTEX_POINT('',#2083);
#2085=CARTESIAN_POINT('',(-216.78,-14.03,1.));
#2086=DIRECTION('',(0.,0.,1.));
#2087=DIRECTION('',(1.,0.,-0.));
#2088=AXIS2_PLACEMENT_3D('',#2085,#2086,#2087);
#2089=CIRCLE('',#2088,1.5);
#2090=EDGE_CURVE('',#2076,#2084,#2089,.T.);
#2091=ORIENTED_EDGE('',*,*,#2090,.T.);
#2092=CARTESIAN_POINT('',(-223.98,-12.53,1.));
#2093=VERTEX_POINT('',#2092);
#2094=CARTESIAN_POINT('',(-216.78,-12.53,1.));
#2095=DIRECTION('',(-1.,-0.,0.));
#2096=VECTOR('',#2095,7.2);
#2097=LINE('',#2094,#2096);
#2098=EDGE_CURVE('',#2084,#2093,#2097,.T.);
#2099=ORIENTED_EDGE('',*,*,#2098,.T.);
#2100=CARTESIAN_POINT('',(-225.48,-14.03,1.));
#2101=VERTEX_POINT('',#2100);
#2102=CARTESIAN_POINT('',(-223.98,-14.03,1.));
#2103=DIRECTION('',(0.,0.,1.));
#2104=DIRECTION('',(1.,0.,-0.));
#2105=AXIS2_PLACEMENT_3D('',#2102,#2103,#2104);
#2106=CIRCLE('',#2105,1.5);
#2107=EDGE_CURVE('',#2093,#2101,#2106,.T.);
#2108=ORIENTED_EDGE('',*,*,#2107,.T.);
#2109=CARTESIAN_POINT('',(-225.48,-19.03,1.));
#2110=VERTEX_POINT('',#2109);
#2111=CARTESIAN_POINT('',(-225.48,-14.03,1.));
#2112=DIRECTION('',(-0.,-1.,-0.));
#2113=VECTOR('',#2112,5.);
#2114=LINE('',#2111,#2113);
#2115=EDGE_CURVE('',#2101,#2110,#2114,.T.);
#2116=ORIENTED_EDGE('',*,*,#2115,.T.);
#2117=CARTESIAN_POINT('',(-223.98,-20.53,1.));
#2118=VERTEX_POINT('',#2117);
#2119=CARTESIAN_POINT('',(-223.98,-19.03,1.));
#2120=DIRECTION('',(0.,0.,1.));
#2121=DIRECTION('',(1.,0.,-0.));
#2122=AXIS2_PLACEMENT_3D('',#2119,#2120,#2121);
#2123=CIRCLE('',#2122,1.5);
#2124=EDGE_CURVE('',#2110,#2118,#2123,.T.);
#2125=ORIENTED_EDGE('',*,*,#2124,.T.);
#2126=CARTESIAN_POINT('',(-216.78,-20.53,1.));
#2127=VERTEX_POINT('',#2126);
#2128=CARTESIAN_POINT('',(-223.98,-20.53,1.));
#2129=DIRECTION('',(1.,-0.,-0.));
#2130=VECTOR('',#2129,7.2);
#2131=LINE('',#2128,#2130);
#2132=EDGE_CURVE('',#2118,#2127,#2131,.T.);
#2133=ORIENTED_EDGE('',*,*,#2132,.T.);
#2134=CARTESIAN_POINT('',(-216.78,-19.03,1.));
#2135=DIRECTION('',(0.,0.,1.));
#2136=DIRECTION('',(1.,0.,-0.));
#2137=AXIS2_PLACEMENT_3D('',#2134,#2135,#2136);
#2138=CIRCLE('',#2137,1.5);
#2139=EDGE_CURVE('',#2127,#2074,#2138,.T.);
#2140=ORIENTED_EDGE('',*,*,#2139,.T.);
#2141=EDGE_LOOP('',(#2082,#2091,#2099,#2108,#2116,#2125,#2133,#2140));
#2142=FACE_BOUND('',#2141,.T.);
#2143=CARTESIAN_POINT('',(-211.6887,-27.5587,1.));
#2144=VERTEX_POINT('',#2143);
#2145=CARTESIAN_POINT('',(-203.6887,-27.5587,1.));
#2146=VERTEX_POINT('',#2145);
#2147=CARTESIAN_POINT('',(-211.6887,-27.5587,1.));
#2148=DIRECTION('',(1.,-0.,-0.));
#2149=VECTOR('',#2148,8.);
#2150=LINE('',#2147,#2149);
#2151=EDGE_CURVE('',#2144,#2146,#2150,.T.);
#2152=ORIENTED_EDGE('',*,*,#2151,.T.);
#2153=CARTESIAN_POINT('',(-202.1887,-26.0587,1.));
#2154=VERTEX_POINT('',#2153);
#2155=CARTESIAN_POINT('',(-203.6887,-26.0587,1.));
#2156=DIRECTION('',(0.,0.,1.));
#2157=DIRECTION('',(1.,0.,-0.));
#2158=AXIS2_PLACEMENT_3D('',#2155,#2156,#2157);
#2159=CIRCLE('',#2158,1.5);
#2160=EDGE_CURVE('',#2146,#2154,#2159,.T.);
#2161=ORIENTED_EDGE('',*,*,#2160,.T.);
#2162=CARTESIAN_POINT('',(-202.1887,-19.0318,1.));
#2163=VERTEX_POINT('',#2162);
#2164=CARTESIAN_POINT('',(-202.1887,-26.0587,1.));
#2165=DIRECTION('',(-0.,1.,-0.));
#2166=VECTOR('',#2165,7.0269);
#2167=LINE('',#2164,#2166);
#2168=EDGE_CURVE('',#2154,#2163,#2167,.T.);
#2169=ORIENTED_EDGE('',*,*,#2168,.T.);
#2170=CARTESIAN_POINT('',(-203.6887,-17.5318,1.));
#2171=VERTEX_POINT('',#2170);
#2172=CARTESIAN_POINT('',(-203.6887,-19.0318,1.));
#2173=DIRECTION('',(0.,0.,1.));
#2174=DIRECTION('',(1.,0.,-0.));
#2175=AXIS2_PLACEMENT_3D('',#2172,#2173,#2174);
#2176=CIRCLE('',#2175,1.5);
#2177=EDGE_CURVE('',#2163,#2171,#2176,.T.);
#2178=ORIENTED_EDGE('',*,*,#2177,.T.);
#2179=CARTESIAN_POINT('',(-211.6887,-17.5318,1.));
#2180=VERTEX_POINT('',#2179);
#2181=CARTESIAN_POINT('',(-203.6887,-17.5318,1.));
#2182=DIRECTION('',(-1.,-0.,0.));
#2183=VECTOR('',#2182,8.);
#2184=LINE('',#2181,#2183);
#2185=EDGE_CURVE('',#2171,#2180,#2184,.T.);
#2186=ORIENTED_EDGE('',*,*,#2185,.T.);
#2187=CARTESIAN_POINT('',(-213.1887,-19.0318,1.));
#2188=VERTEX_POINT('',#2187);
#2189=CARTESIAN_POINT('',(-211.6887,-19.0318,1.));
#2190=DIRECTION('',(0.,0.,1.));
#2191=DIRECTION('',(1.,0.,-0.));
#2192=AXIS2_PLACEMENT_3D('',#2189,#2190,#2191);
#2193=CIRCLE('',#2192,1.5);
#2194=EDGE_CURVE('',#2180,#2188,#2193,.T.);
#2195=ORIENTED_EDGE('',*,*,#2194,.T.);
#2196=CARTESIAN_POINT('',(-213.1887,-26.0587,1.));
#2197=VERTEX_POINT('',#2196);
#2198=CARTESIAN_POINT('',(-213.1887,-19.0318,1.));
#2199=DIRECTION('',(-0.,-1.,-0.));
#2200=VECTOR('',#2199,7.0269);
#2201=LINE('',#2198,#2200);
#2202=EDGE_CURVE('',#2188,#2197,#2201,.T.);
#2203=ORIENTED_EDGE('',*,*,#2202,.T.);
#2204=CARTESIAN_POINT('',(-211.6887,-26.0587,1.));
#2205=DIRECTION('',(0.,0.,1.));
#2206=DIRECTION('',(1.,0.,-0.));
#2207=AXIS2_PLACEMENT_3D('',#2204,#2205,#2206);
#2208=CIRCLE('',#2207,1.5);
#2209=EDGE_CURVE('',#2197,#2144,#2208,.T.);
#2210=ORIENTED_EDGE('',*,*,#2209,.T.);
#2211=EDGE_LOOP('',(#2152,#2161,#2169,#2178,#2186,#2195,#2203,#2210));
#2212=FACE_BOUND('',#2211,.T.);
#2213=CARTESIAN_POINT('',(-186.56,-20.44,1.));
#2214=VERTEX_POINT('',#2213);
#2215=CARTESIAN_POINT('',(-198.76,-20.44,1.));
#2216=VERTEX_POINT('',#2215);
#2217=CARTESIAN_POINT('',(-186.56,-20.44,1.));
#2218=DIRECTION('',(-1.,-0.,0.));
#2219=VECTOR('',#2218,12.2);
#2220=LINE('',#2217,#2219);
#2221=EDGE_CURVE('',#2214,#2216,#2220,.T.);
#2222=ORIENTED_EDGE('',*,*,#2221,.T.);
#2223=CARTESIAN_POINT('',(-200.26,-21.94,1.));
#2224=VERTEX_POINT('',#2223);
#2225=CARTESIAN_POINT('',(-198.76,-21.94,1.));
#2226=DIRECTION('',(0.,0.,1.));
#2227=DIRECTION('',(1.,0.,-0.));
#2228=AXIS2_PLACEMENT_3D('',#2225,#2226,#2227);
#2229=CIRCLE('',#2228,1.5);
#2230=EDGE_CURVE('',#2216,#2224,#2229,.T.);
#2231=ORIENTED_EDGE('',*,*,#2230,.T.);
#2232=CARTESIAN_POINT('',(-200.26,-28.61,1.));
#2233=VERTEX_POINT('',#2232);
#2234=CARTESIAN_POINT('',(-200.26,-21.94,1.));
#2235=DIRECTION('',(-0.,-1.,-0.));
#2236=VECTOR('',#2235,6.67);
#2237=LINE('',#2234,#2236);
#2238=EDGE_CURVE('',#2224,#2233,#2237,.T.);
#2239=ORIENTED_EDGE('',*,*,#2238,.T.);
#2240=CARTESIAN_POINT('',(-198.76,-30.11,1.));
#2241=VERTEX_POINT('',#2240);
#2242=CARTESIAN_POINT('',(-198.76,-28.61,1.));
#2243=DIRECTION('',(0.,0.,1.));
#2244=DIRECTION('',(1.,0.,-0.));
#2245=AXIS2_PLACEMENT_3D('',#2242,#2243,#2244);
#2246=CIRCLE('',#2245,1.5);
#2247=EDGE_CURVE('',#2233,#2241,#2246,.T.);
#2248=ORIENTED_EDGE('',*,*,#2247,.T.);
#2249=CARTESIAN_POINT('',(-186.56,-30.11,1.));
#2250=VERTEX_POINT('',#2249);
#2251=CARTESIAN_POINT('',(-198.76,-30.11,1.));
#2252=DIRECTION('',(1.,-0.,-0.));
#2253=VECTOR('',#2252,12.2);
#2254=LINE('',#2251,#2253);
#2255=EDGE_CURVE('',#2241,#2250,#2254,.T.);
#2256=ORIENTED_EDGE('',*,*,#2255,.T.);
#2257=CARTESIAN_POINT('',(-185.06,-28.61,1.));
#2258=VERTEX_POINT('',#2257);
#2259=CARTESIAN_POINT('',(-186.56,-28.61,1.));
#2260=DIRECTION('',(0.,0.,1.));
#2261=DIRECTION('',(1.,0.,-0.));
#2262=AXIS2_PLACEMENT_3D('',#2259,#2260,#2261);
#2263=CIRCLE('',#2262,1.5);
#2264=EDGE_CURVE('',#2250,#2258,#2263,.T.);
#2265=ORIENTED_EDGE('',*,*,#2264,.T.);
#2266=CARTESIAN_POINT('',(-185.06,-21.94,1.));
#2267=VERTEX_POINT('',#2266);
#2268=CARTESIAN_POINT('',(-185.06,-28.61,1.));
#2269=DIRECTION('',(-0.,1.,-0.));
#2270=VECTOR('',#2269,6.67);
#2271=LINE('',#2268,#2270);
#2272=EDGE_CURVE('',#2258,#2267,#2271,.T.);
#2273=ORIENTED_EDGE('',*,*,#2272,.T.);
#2274=CARTESIAN_POINT('',(-186.56,-21.94,1.));
#2275=DIRECTION('',(0.,0.,1.));
#2276=DIRECTION('',(1.,0.,-0.));
#2277=AXIS2_PLACEMENT_3D('',#2274,#2275,#2276);
#2278=CIRCLE('',#2277,1.5);
#2279=EDGE_CURVE('',#2267,#2214,#2278,.T.);
#2280=ORIENTED_EDGE('',*,*,#2279,.T.);
#2281=EDGE_LOOP('',(#2222,#2231,#2239,#2248,#2256,#2265,#2273,#2280));
#2282=FACE_BOUND('',#2281,.T.);
#2283=CARTESIAN_POINT('',(-177.24,29.36,1.));
#2284=VERTEX_POINT('',#2283);
#2285=CARTESIAN_POINT('',(-189.44,29.36,1.));
#2286=VERTEX_POINT('',#2285);
#2287=CARTESIAN_POINT('',(-177.24,29.36,1.));
#2288=DIRECTION('',(-1.,-0.,0.));
#2289=VECTOR('',#2288,12.2);
#2290=LINE('',#2287,#2289);
#2291=EDGE_CURVE('',#2284,#2286,#2290,.T.);
#2292=ORIENTED_EDGE('',*,*,#2291,.T.);
#2293=CARTESIAN_POINT('',(-190.94,27.86,1.));
#2294=VERTEX_POINT('',#2293);
#2295=CARTESIAN_POINT('',(-189.44,27.86,1.));
#2296=DIRECTION('',(0.,0.,1.));
#2297=DIRECTION('',(1.,0.,-0.));
#2298=AXIS2_PLACEMENT_3D('',#2295,#2296,#2297);
#2299=CIRCLE('',#2298,1.5);
#2300=EDGE_CURVE('',#2286,#2294,#2299,.T.);
#2301=ORIENTED_EDGE('',*,*,#2300,.T.);
#2302=CARTESIAN_POINT('',(-190.94,21.39,1.));
#2303=VERTEX_POINT('',#2302);
#2304=CARTESIAN_POINT('',(-190.94,27.86,1.));
#2305=DIRECTION('',(-0.,-1.,-0.));
#2306=VECTOR('',#2305,6.47);
#2307=LINE('',#2304,#2306);
#2308=EDGE_CURVE('',#2294,#2303,#2307,.T.);
#2309=ORIENTED_EDGE('',*,*,#2308,.T.);
#2310=CARTESIAN_POINT('',(-189.44,19.89,1.));
#2311=VERTEX_POINT('',#2310);
#2312=CARTESIAN_POINT('',(-189.44,21.39,1.));
#2313=DIRECTION('',(0.,0.,1.));
#2314=DIRECTION('',(1.,0.,-0.));
#2315=AXIS2_PLACEMENT_3D('',#2312,#2313,#2314);
#2316=CIRCLE('',#2315,1.5);
#2317=EDGE_CURVE('',#2303,#2311,#2316,.T.);
#2318=ORIENTED_EDGE('',*,*,#2317,.T.);
#2319=CARTESIAN_POINT('',(-177.24,19.89,1.));
#2320=VERTEX_POINT('',#2319);
#2321=CARTESIAN_POINT('',(-189.44,19.89,1.));
#2322=DIRECTION('',(1.,-0.,-0.));
#2323=VECTOR('',#2322,12.2);
#2324=LINE('',#2321,#2323);
#2325=EDGE_CURVE('',#2311,#2320,#2324,.T.);
#2326=ORIENTED_EDGE('',*,*,#2325,.T.);
#2327=CARTESIAN_POINT('',(-175.74,21.39,1.));
#2328=VERTEX_POINT('',#2327);
#2329=CARTESIAN_POINT('',(-177.24,21.39,1.));
#2330=DIRECTION('',(0.,0.,1.));
#2331=DIRECTION('',(1.,0.,-0.));
#2332=AXIS2_PLACEMENT_3D('',#2329,#2330,#2331);
#2333=CIRCLE('',#2332,1.5);
#2334=EDGE_CURVE('',#2320,#2328,#2333,.T.);
#2335=ORIENTED_EDGE('',*,*,#2334,.T.);
#2336=CARTESIAN_POINT('',(-175.74,27.86,1.));
#2337=VERTEX_POINT('',#2336);
#2338=CARTESIAN_POINT('',(-175.74,21.39,1.));
#2339=DIRECTION('',(-0.,1.,-0.));
#2340=VECTOR('',#2339,6.47);
#2341=LINE('',#2338,#2340);
#2342=EDGE_CURVE('',#2328,#2337,#2341,.T.);
#2343=ORIENTED_EDGE('',*,*,#2342,.T.);
#2344=CARTESIAN_POINT('',(-177.24,27.86,1.));
#2345=DIRECTION('',(0.,0.,1.));
#2346=DIRECTION('',(1.,0.,-0.));
#2347=AXIS2_PLACEMENT_3D('',#2344,#2345,#2346);
#2348=CIRCLE('',#2347,1.5);
#2349=EDGE_CURVE('',#2337,#2284,#2348,.T.);
#2350=ORIENTED_EDGE('',*,*,#2349,.T.);
#2351=EDGE_LOOP('',(#2292,#2301,#2309,#2318,#2326,#2335,#2343,#2350));
#2352=FACE_BOUND('',#2351,.T.);
#2353=CARTESIAN_POINT('',(-153.2,-18.49,1.));
#2354=VERTEX_POINT('',#2353);
#2355=CARTESIAN_POINT('',(-153.2,-2.49,1.));
#2356=VERTEX_POINT('',#2355);
#2357=CARTESIAN_POINT('',(-153.2,-18.49,1.));
#2358=DIRECTION('',(-0.,1.,-0.));
#2359=VECTOR('',#2358,16.);
#2360=LINE('',#2357,#2359);
#2361=EDGE_CURVE('',#2354,#2356,#2360,.T.);
#2362=ORIENTED_EDGE('',*,*,#2361,.T.);
#2363=CARTESIAN_POINT('',(-155.7,0.01,1.));
#2364=VERTEX_POINT('',#2363);
#2365=CARTESIAN_POINT('',(-155.7,-2.49,1.));
#2366=DIRECTION('',(0.,0.,1.));
#2367=DIRECTION('',(1.,0.,-0.));
#2368=AXIS2_PLACEMENT_3D('',#2365,#2366,#2367);
#2369=CIRCLE('',#2368,2.5);
#2370=EDGE_CURVE('',#2356,#2364,#2369,.T.);
#2371=ORIENTED_EDGE('',*,*,#2370,.T.);
#2372=CARTESIAN_POINT('',(-164.5,0.01,1.));
#2373=VERTEX_POINT('',#2372);
#2374=CARTESIAN_POINT('',(-155.7,0.01,1.));
#2375=DIRECTION('',(-1.,0.,0.));
#2376=VECTOR('',#2375,8.8);
#2377=LINE('',#2374,#2376);
#2378=EDGE_CURVE('',#2364,#2373,#2377,.T.);
#2379=ORIENTED_EDGE('',*,*,#2378,.T.);
#2380=CARTESIAN_POINT('',(-167.,-2.49,1.));
#2381=VERTEX_POINT('',#2380);
#2382=CARTESIAN_POINT('',(-164.5,-2.49,1.));
#2383=DIRECTION('',(0.,0.,1.));
#2384=DIRECTION('',(1.,0.,-0.));
#2385=AXIS2_PLACEMENT_3D('',#2382,#2383,#2384);
#2386=CIRCLE('',#2385,2.5);
#2387=EDGE_CURVE('',#2373,#2381,#2386,.T.);
#2388=ORIENTED_EDGE('',*,*,#2387,.T.);
#2389=CARTESIAN_POINT('',(-167.,-18.49,1.));
#2390=VERTEX_POINT('',#2389);
#2391=CARTESIAN_POINT('',(-167.,-2.49,1.));
#2392=DIRECTION('',(-0.,-1.,-0.));
#2393=VECTOR('',#2392,16.);
#2394=LINE('',#2391,#2393);
#2395=EDGE_CURVE('',#2381,#2390,#2394,.T.);
#2396=ORIENTED_EDGE('',*,*,#2395,.T.);
#2397=CARTESIAN_POINT('',(-164.5,-20.99,1.));
#2398=VERTEX_POINT('',#2397);
#2399=CARTESIAN_POINT('',(-164.5,-18.49,1.));
#2400=DIRECTION('',(0.,0.,1.));
#2401=DIRECTION('',(1.,0.,-0.));
#2402=AXIS2_PLACEMENT_3D('',#2399,#2400,#2401);
#2403=CIRCLE('',#2402,2.5);
#2404=EDGE_CURVE('',#2390,#2398,#2403,.T.);
#2405=ORIENTED_EDGE('',*,*,#2404,.T.);
#2406=CARTESIAN_POINT('',(-155.7,-20.99,1.));
#2407=VERTEX_POINT('',#2406);
#2408=CARTESIAN_POINT('',(-164.5,-20.99,1.));
#2409=DIRECTION('',(1.,-0.,-0.));
#2410=VECTOR('',#2409,8.8);
#2411=LINE('',#2408,#2410);
#2412=EDGE_CURVE('',#2398,#2407,#2411,.T.);
#2413=ORIENTED_EDGE('',*,*,#2412,.T.);
#2414=CARTESIAN_POINT('',(-155.7,-18.49,1.));
#2415=DIRECTION('',(0.,0.,1.));
#2416=DIRECTION('',(1.,0.,-0.));
#2417=AXIS2_PLACEMENT_3D('',#2414,#2415,#2416);
#2418=CIRCLE('',#2417,2.5);
#2419=EDGE_CURVE('',#2407,#2354,#2418,.T.);
#2420=ORIENTED_EDGE('',*,*,#2419,.T.);
#2421=EDGE_LOOP('',(#2362,#2371,#2379,#2388,#2396,#2405,#2413,#2420));
#2422=FACE_BOUND('',#2421,.T.);
#2423=CARTESIAN_POINT('',(-202.443711908,0.67479827,1.));
#2424=VERTEX_POINT('',#2423);
#2425=CARTESIAN_POINT('',(-205.693711908,0.67479827,1.));
#2426=DIRECTION('',(-0.,-0.,-1.));
#2427=DIRECTION('',(1.,0.,-0.));
#2428=AXIS2_PLACEMENT_3D('',#2425,#2426,#2427);
#2429=CIRCLE('',#2428,3.25);
#2430=EDGE_CURVE('',#2424,#2424,#2429,.T.);
#2431=ORIENTED_EDGE('',*,*,#2430,.F.);
#2432=EDGE_LOOP('',(#2431));
#2433=FACE_BOUND('',#2432,.T.);
#2434=ORIENTED_EDGE('',*,*,#1682,.T.);
#2435=CARTESIAN_POINT('',(-252.,34.05,1.));
#2436=VERTEX_POINT('',#2435);
#2437=CARTESIAN_POINT('',(-252.,30.05,1.));
#2438=DIRECTION('',(-0.,-0.,-1.));
#2439=DIRECTION('',(1.,0.,-0.));
#2440=AXIS2_PLACEMENT_3D('',#2437,#2438,#2439);
#2441=CIRCLE('',#2440,4.);
#2442=EDGE_CURVE('',#1669,#2436,#2441,.T.);
#2443=ORIENTED_EDGE('',*,*,#2442,.T.);
#2444=CARTESIAN_POINT('',(-155.2,34.05,1.));
#2445=VERTEX_POINT('',#2444);
#2446=CARTESIAN_POINT('',(-252.,34.05,1.));
#2447=DIRECTION('',(1.,0.,-0.));
#2448=VECTOR('',#2447,96.8);
#2449=LINE('',#2446,#2448);
#2450=EDGE_CURVE('',#2436,#2445,#2449,.T.);
#2451=ORIENTED_EDGE('',*,*,#2450,.T.);
#2452=CARTESIAN_POINT('',(-151.2,30.05,1.));
#2453=VERTEX_POINT('',#2452);
#2454=CARTESIAN_POINT('',(-155.2,30.05,1.));
#2455=DIRECTION('',(-0.,-0.,-1.));
#2456=DIRECTION('',(1.,0.,-0.));
#2457=AXIS2_PLACEMENT_3D('',#2454,#2455,#2456);
#2458=CIRCLE('',#2457,4.);
#2459=EDGE_CURVE('',#2445,#2453,#2458,.T.);
#2460=ORIENTED_EDGE('',*,*,#2459,.T.);
#2461=CARTESIAN_POINT('',(-151.2,-31.35,1.));
#2462=VERTEX_POINT('',#2461);
#2463=CARTESIAN_POINT('',(-151.2,30.05,1.));
#2464=DIRECTION('',(0.,-1.,0.));
#2465=VECTOR('',#2464,61.4);
#2466=LINE('',#2463,#2465);
#2467=EDGE_CURVE('',#2453,#2462,#2466,.T.);
#2468=ORIENTED_EDGE('',*,*,#2467,.T.);
#2469=CARTESIAN_POINT('',(-155.2,-35.35,1.));
#2470=VERTEX_POINT('',#2469);
#2471=CARTESIAN_POINT('',(-155.2,-31.35,1.));
#2472=DIRECTION('',(-0.,-0.,-1.));
#2473=DIRECTION('',(1.,0.,-0.));
#2474=AXIS2_PLACEMENT_3D('',#2471,#2472,#2473);
#2475=CIRCLE('',#2474,4.);
#2476=EDGE_CURVE('',#2462,#2470,#2475,.T.);
#2477=ORIENTED_EDGE('',*,*,#2476,.T.);
#2478=CARTESIAN_POINT('',(-252.,-35.35,1.));
#2479=VERTEX_POINT('',#2478);
#2480=CARTESIAN_POINT('',(-155.2,-35.35,1.));
#2481=DIRECTION('',(-1.,0.,0.));
#2482=VECTOR('',#2481,96.8);
#2483=LINE('',#2480,#2482);
#2484=EDGE_CURVE('',#2470,#2479,#2483,.T.);
#2485=ORIENTED_EDGE('',*,*,#2484,.T.);
#2486=CARTESIAN_POINT('',(-252.,-31.35,1.));
#2487=DIRECTION('',(-0.,-0.,-1.));
#2488=DIRECTION('',(1.,0.,-0.));
#2489=AXIS2_PLACEMENT_3D('',#2486,#2487,#2488);
#2490=CIRCLE('',#2489,4.);
#2491=EDGE_CURVE('',#2479,#1677,#2490,.T.);
#2492=ORIENTED_EDGE('',*,*,#2491,.T.);
#2493=EDGE_LOOP('',(#2434,#2443,#2451,#2460,#2468,#2477,#2485,#2492));
#2494=FACE_BOUND('',#2493,.T.);
#2495=CARTESIAN_POINT('',(-160.3,26.8,1.));
#2496=VERTEX_POINT('',#2495);
#2497=CARTESIAN_POINT('',(-156.1,26.8,1.));
#2498=VERTEX_POINT('',#2497);
#2499=CARTESIAN_POINT('',(-158.2,26.8,1.));
#2500=DIRECTION('',(-0.,-0.,-1.));
#2501=DIRECTION('',(1.,0.,-0.));
#2502=AXIS2_PLACEMENT_3D('',#2499,#2500,#2501);
#2503=CIRCLE('',#2502,2.1);
#2504=EDGE_CURVE('',#2496,#2498,#2503,.T.);
#2505=ORIENTED_EDGE('',*,*,#2504,.F.);
#2506=CARTESIAN_POINT('',(-158.2,26.8,1.));
#2507=DIRECTION('',(-0.,-0.,-1.));
#2508=DIRECTION('',(1.,0.,-0.));
#2509=AXIS2_PLACEMENT_3D('',#2506,#2507,#2508);
#2510=CIRCLE('',#2509,2.1);
#2511=EDGE_CURVE('',#2498,#2496,#2510,.T.);
#2512=ORIENTED_EDGE('',*,*,#2511,.F.);
#2513=EDGE_LOOP('',(#2505,#2512));
#2514=FACE_BOUND('',#2513,.T.);
#2515=CARTESIAN_POINT('',(-160.3,-26.,1.));
#2516=VERTEX_POINT('',#2515);
#2517=CARTESIAN_POINT('',(-156.1,-26.,1.));
#2518=VERTEX_POINT('',#2517);
#2519=CARTESIAN_POINT('',(-158.2,-26.,1.));
#2520=DIRECTION('',(-0.,-0.,-1.));
#2521=DIRECTION('',(1.,0.,-0.));
#2522=AXIS2_PLACEMENT_3D('',#2519,#2520,#2521);
#2523=CIRCLE('',#2522,2.1);
#2524=EDGE_CURVE('',#2516,#2518,#2523,.T.);
#2525=ORIENTED_EDGE('',*,*,#2524,.F.);
#2526=CARTESIAN_POINT('',(-158.2,-26.,1.));
#2527=DIRECTION('',(-0.,-0.,-1.));
#2528=DIRECTION('',(1.,0.,-0.));
#2529=AXIS2_PLACEMENT_3D('',#2526,#2527,#2528);
#2530=CIRCLE('',#2529,2.1);
#2531=EDGE_CURVE('',#2518,#2516,#2530,.T.);
#2532=ORIENTED_EDGE('',*,*,#2531,.F.);
#2533=EDGE_LOOP('',(#2525,#2532));
#2534=FACE_BOUND('',#2533,.T.);
#2535=CARTESIAN_POINT('',(-251.1,-25.9,1.));
#2536=VERTEX_POINT('',#2535);
#2537=CARTESIAN_POINT('',(-246.9,-25.9,1.));
#2538=VERTEX_POINT('',#2537);
#2539=CARTESIAN_POINT('',(-249.,-25.9,1.));
#2540=DIRECTION('',(-0.,-0.,-1.));
#2541=DIRECTION('',(1.,0.,-0.));
#2542=AXIS2_PLACEMENT_3D('',#2539,#2540,#2541);
#2543=CIRCLE('',#2542,2.1);
#2544=EDGE_CURVE('',#2536,#2538,#2543,.T.);
#2545=ORIENTED_EDGE('',*,*,#2544,.F.);
#2546=CARTESIAN_POINT('',(-249.,-25.9,1.));
#2547=DIRECTION('',(-0.,-0.,-1.));
#2548=DIRECTION('',(1.,0.,-0.));
#2549=AXIS2_PLACEMENT_3D('',#2546,#2547,#2548);
#2550=CIRCLE('',#2549,2.1);
#2551=EDGE_CURVE('',#2538,#2536,#2550,.T.);
#2552=ORIENTED_EDGE('',*,*,#2551,.F.);
#2553=EDGE_LOOP('',(#2545,#2552));
#2554=FACE_BOUND('',#2553,.T.);
#2555=CARTESIAN_POINT('',(-251.1,26.7,1.));
#2556=VERTEX_POINT('',#2555);
#2557=CARTESIAN_POINT('',(-246.9,26.7,1.));
#2558=VERTEX_POINT('',#2557);
#2559=CARTESIAN_POINT('',(-249.,26.7,1.));
#2560=DIRECTION('',(-0.,-0.,-1.));
#2561=DIRECTION('',(1.,0.,-0.));
#2562=AXIS2_PLACEMENT_3D('',#2559,#2560,#2561);
#2563=CIRCLE('',#2562,2.1);
#2564=EDGE_CURVE('',#2556,#2558,#2563,.T.);
#2565=ORIENTED_EDGE('',*,*,#2564,.F.);
#2566=CARTESIAN_POINT('',(-249.,26.7,1.));
#2567=DIRECTION('',(-0.,-0.,-1.));
#2568=DIRECTION('',(1.,0.,-0.));
#2569=AXIS2_PLACEMENT_3D('',#2566,#2567,#2568);
#2570=CIRCLE('',#2569,2.1);
#2571=EDGE_CURVE('',#2558,#2556,#2570,.T.);
#2572=ORIENTED_EDGE('',*,*,#2571,.F.);
#2573=EDGE_LOOP('',(#2565,#2572));
#2574=FACE_BOUND('',#2573,.T.);
#2575=ADVANCED_FACE('',(#2072,#2142,#2212,#2282,#2352,#2422,#2433,#2494,#2514,#2534,#2554,#2574),#2002,.F.);
#2576=CARTESIAN_POINT('',(-151.2,-0.,6.8));
#2577=DIRECTION('',(1.,0.,0.));
#2578=DIRECTION('',(0.,0.,-1.));
#2579=AXIS2_PLACEMENT_3D('',#2576,#2577,#2578);
#2580=PLANE('',#2579);
#2581=CARTESIAN_POINT('',(-151.2,30.05,8.));
#2582=VERTEX_POINT('',#2581);
#2583=CARTESIAN_POINT('',(-151.2,30.05,1.));
#2584=DIRECTION('',(0.,0.,1.));
#2585=VECTOR('',#2584,7.);
#2586=LINE('',#2583,#2585);
#2587=EDGE_CURVE('',#2453,#2582,#2586,.T.);
#2588=ORIENTED_EDGE('',*,*,#2587,.T.);
#2589=CARTESIAN_POINT('',(-151.2,-31.35,8.));
#2590=VERTEX_POINT('',#2589);
#2591=CARTESIAN_POINT('',(-151.2,30.05,8.));
#2592=DIRECTION('',(0.,-1.,0.));
#2593=VECTOR('',#2592,61.4);
#2594=LINE('',#2591,#2593);
#2595=EDGE_CURVE('',#2582,#2590,#2594,.T.);
#2596=ORIENTED_EDGE('',*,*,#2595,.T.);
#2597=CARTESIAN_POINT('',(-151.2,-31.35,8.));
#2598=DIRECTION('',(0.,0.,-1.));
#2599=VECTOR('',#2598,7.);
#2600=LINE('',#2597,#2599);
#2601=EDGE_CURVE('',#2590,#2462,#2600,.T.);
#2602=ORIENTED_EDGE('',*,*,#2601,.T.);
#2603=ORIENTED_EDGE('',*,*,#2467,.F.);
#2604=EDGE_LOOP('',(#2588,#2596,#2602,#2603));
#2605=FACE_BOUND('',#2604,.T.);
#2606=ADVANCED_FACE('',(#2605),#2580,.T.);
#2607=CARTESIAN_POINT('',(-180.,34.05,6.8));
#2608=DIRECTION('',(0.,1.,0.));
#2609=DIRECTION('',(0.,0.,1.));
#2610=AXIS2_PLACEMENT_3D('',#2607,#2608,#2609);
#2611=PLANE('',#2610);
#2612=CARTESIAN_POINT('',(-252.,34.05,8.));
#2613=VERTEX_POINT('',#2612);
#2614=CARTESIAN_POINT('',(-252.,34.05,1.));
#2615=DIRECTION('',(-0.,-0.,1.));
#2616=VECTOR('',#2615,7.);
#2617=LINE('',#2614,#2616);
#2618=EDGE_CURVE('',#2436,#2613,#2617,.T.);
#2619=ORIENTED_EDGE('',*,*,#2618,.T.);
#2620=CARTESIAN_POINT('',(-155.2,34.05,8.));
#2621=VERTEX_POINT('',#2620);
#2622=CARTESIAN_POINT('',(-252.,34.05,8.));
#2623=DIRECTION('',(1.,0.,-0.));
#2624=VECTOR('',#2623,96.8);
#2625=LINE('',#2622,#2624);
#2626=EDGE_CURVE('',#2613,#2621,#2625,.T.);
#2627=ORIENTED_EDGE('',*,*,#2626,.T.);
#2628=CARTESIAN_POINT('',(-155.2,34.05,8.));
#2629=DIRECTION('',(-0.,-0.,-1.));
#2630=VECTOR('',#2629,7.);
#2631=LINE('',#2628,#2630);
#2632=EDGE_CURVE('',#2621,#2445,#2631,.T.);
#2633=ORIENTED_EDGE('',*,*,#2632,.T.);
#2634=ORIENTED_EDGE('',*,*,#2450,.F.);
#2635=EDGE_LOOP('',(#2619,#2627,#2633,#2634));
#2636=FACE_BOUND('',#2635,.T.);
#2637=ADVANCED_FACE('',(#2636),#2611,.T.);
#2638=CARTESIAN_POINT('',(-180.,-35.35,6.8));
#2639=DIRECTION('',(0.,-1.,0.));
#2640=DIRECTION('',(0.,0.,-1.));
#2641=AXIS2_PLACEMENT_3D('',#2638,#2639,#2640);
#2642=PLANE('',#2641);
#2643=CARTESIAN_POINT('',(-155.2,-35.35,8.));
#2644=VERTEX_POINT('',#2643);
#2645=CARTESIAN_POINT('',(-155.2,-35.35,1.));
#2646=DIRECTION('',(-0.,-0.,1.));
#2647=VECTOR('',#2646,7.);
#2648=LINE('',#2645,#2647);
#2649=EDGE_CURVE('',#2470,#2644,#2648,.T.);
#2650=ORIENTED_EDGE('',*,*,#2649,.T.);
#2651=CARTESIAN_POINT('',(-252.,-35.35,8.));
#2652=VERTEX_POINT('',#2651);
#2653=CARTESIAN_POINT('',(-155.2,-35.35,8.));
#2654=DIRECTION('',(-1.,0.,0.));
#2655=VECTOR('',#2654,96.8);
#2656=LINE('',#2653,#2655);
#2657=EDGE_CURVE('',#2644,#2652,#2656,.T.);
#2658=ORIENTED_EDGE('',*,*,#2657,.T.);
#2659=CARTESIAN_POINT('',(-252.,-35.35,8.));
#2660=DIRECTION('',(0.,0.,-1.));
#2661=VECTOR('',#2660,7.);
#2662=LINE('',#2659,#2661);
#2663=EDGE_CURVE('',#2652,#2479,#2662,.T.);
#2664=ORIENTED_EDGE('',*,*,#2663,.T.);
#2665=ORIENTED_EDGE('',*,*,#2484,.F.);
#2666=EDGE_LOOP('',(#2650,#2658,#2664,#2665));
#2667=FACE_BOUND('',#2666,.T.);
#2668=ADVANCED_FACE('',(#2667),#2642,.T.);
#2669=CARTESIAN_POINT('',(0.,-75.,8.));
#2670=DIRECTION('',(0.,0.,1.));
#2671=DIRECTION('',(1.,0.,0.));
#2672=AXIS2_PLACEMENT_3D('',#2669,#2670,#2671);
#2673=PLANE('',#2672);
#2674=ORIENTED_EDGE('',*,*,#1666,.F.);
#2675=ORIENTED_EDGE('',*,*,#1729,.T.);
#2676=ORIENTED_EDGE('',*,*,#1761,.F.);
#2677=ORIENTED_EDGE('',*,*,#1959,.F.);
#2678=ORIENTED_EDGE('',*,*,#1639,.F.);
#2679=ORIENTED_EDGE('',*,*,#1992,.F.);
#2680=CARTESIAN_POINT('',(-154.2,-27.,8.));
#2681=DIRECTION('',(0.,1.,0.));
#2682=VECTOR('',#2681,52.7);
#2683=LINE('',#2680,#2682);
#2684=EDGE_CURVE('',#1900,#1980,#2683,.T.);
#2685=ORIENTED_EDGE('',*,*,#2684,.F.);
#2686=ORIENTED_EDGE('',*,*,#1906,.F.);
#2687=ORIENTED_EDGE('',*,*,#1873,.F.);
#2688=ORIENTED_EDGE('',*,*,#1935,.F.);
#2689=ORIENTED_EDGE('',*,*,#1803,.F.);
#2690=ORIENTED_EDGE('',*,*,#1831,.T.);
#2691=ORIENTED_EDGE('',*,*,#1698,.F.);
#2692=CARTESIAN_POINT('',(-252.,-31.35,8.));
#2693=DIRECTION('',(0.,0.,1.));
#2694=DIRECTION('',(1.,0.,-0.));
#2695=AXIS2_PLACEMENT_3D('',#2692,#2693,#2694);
#2696=CIRCLE('',#2695,4.);
#2697=EDGE_CURVE('',#1685,#2652,#2696,.T.);
#2698=ORIENTED_EDGE('',*,*,#2697,.T.);
#2699=ORIENTED_EDGE('',*,*,#2657,.F.);
#2700=CARTESIAN_POINT('',(-155.2,-31.35,8.));
#2701=DIRECTION('',(0.,0.,1.));
#2702=DIRECTION('',(1.,0.,-0.));
#2703=AXIS2_PLACEMENT_3D('',#2700,#2701,#2702);
#2704=CIRCLE('',#2703,4.);
#2705=EDGE_CURVE('',#2644,#2590,#2704,.T.);
#2706=ORIENTED_EDGE('',*,*,#2705,.T.);
#2707=ORIENTED_EDGE('',*,*,#2595,.F.);
#2708=CARTESIAN_POINT('',(-155.2,30.05,8.));
#2709=DIRECTION('',(0.,0.,1.));
#2710=DIRECTION('',(1.,0.,-0.));
#2711=AXIS2_PLACEMENT_3D('',#2708,#2709,#2710);
#2712=CIRCLE('',#2711,4.);
#2713=EDGE_CURVE('',#2582,#2621,#2712,.T.);
#2714=ORIENTED_EDGE('',*,*,#2713,.T.);
#2715=ORIENTED_EDGE('',*,*,#2626,.F.);
#2716=CARTESIAN_POINT('',(-252.,30.05,8.));
#2717=DIRECTION('',(0.,0.,1.));
#2718=DIRECTION('',(1.,0.,-0.));
#2719=AXIS2_PLACEMENT_3D('',#2716,#2717,#2718);
#2720=CIRCLE('',#2719,4.);
#2721=EDGE_CURVE('',#2613,#1661,#2720,.T.);
#2722=ORIENTED_EDGE('',*,*,#2721,.T.);
#2723=EDGE_LOOP('',(#2674,#2675,#2676,#2677,#2678,#2679,#2685,#2686,#2687,#2688,#2689,#2690,#2691,#2698,#2699,#2706,#2707,#2714,#2715,#2722));
#2724=FACE_BOUND('',#2723,.T.);
#2725=ADVANCED_FACE('',(#2724),#2673,.T.);
#2726=CARTESIAN_POINT('',(-154.2,-30.,-62.8));
#2727=DIRECTION('',(1.,0.,0.));
#2728=DIRECTION('',(0.,0.,-1.));
#2729=AXIS2_PLACEMENT_3D('',#2726,#2727,#2728);
#2730=PLANE('',#2729);
#2731=CARTESIAN_POINT('',(-154.2,-2.49,6.));
#2732=VERTEX_POINT('',#2731);
#2733=CARTESIAN_POINT('',(-154.2,-2.49,2.));
#2734=VERTEX_POINT('',#2733);
#2735=CARTESIAN_POINT('',(-154.2,-2.49,6.));
#2736=DIRECTION('',(-0.,-0.,-1.));
#2737=VECTOR('',#2736,4.);
#2738=LINE('',#2735,#2737);
#2739=EDGE_CURVE('',#2732,#2734,#2738,.T.);
#2740=ORIENTED_EDGE('',*,*,#2739,.T.);
#2741=CARTESIAN_POINT('',(-154.2,-18.49,2.));
#2742=VERTEX_POINT('',#2741);
#2743=CARTESIAN_POINT('',(-154.2,-2.49,2.));
#2744=DIRECTION('',(0.,-1.,0.));
#2745=VECTOR('',#2744,16.);
#2746=LINE('',#2743,#2745);
#2747=EDGE_CURVE('',#2734,#2742,#2746,.T.);
#2748=ORIENTED_EDGE('',*,*,#2747,.T.);
#2749=CARTESIAN_POINT('',(-154.2,-18.49,6.));
#2750=VERTEX_POINT('',#2749);
#2751=CARTESIAN_POINT('',(-154.2,-18.49,2.));
#2752=DIRECTION('',(0.,0.,1.));
#2753=VECTOR('',#2752,4.);
#2754=LINE('',#2751,#2753);
#2755=EDGE_CURVE('',#2742,#2750,#2754,.T.);
#2756=ORIENTED_EDGE('',*,*,#2755,.T.);
#2757=CARTESIAN_POINT('',(-154.2,-27.,6.));
#2758=DIRECTION('',(0.,1.,0.));
#2759=VECTOR('',#2758,8.51);
#2760=LINE('',#2757,#2759);
#2761=EDGE_CURVE('',#1890,#2750,#2760,.T.);
#2762=ORIENTED_EDGE('',*,*,#2761,.F.);
#2763=ORIENTED_EDGE('',*,*,#1912,.T.);
#2764=ORIENTED_EDGE('',*,*,#2684,.T.);
#2765=ORIENTED_EDGE('',*,*,#1985,.F.);
#2766=CARTESIAN_POINT('',(-154.2,-2.49,6.));
#2767=DIRECTION('',(0.,1.,0.));
#2768=VECTOR('',#2767,28.19);
#2769=LINE('',#2766,#2768);
#2770=EDGE_CURVE('',#2732,#1971,#2769,.T.);
#2771=ORIENTED_EDGE('',*,*,#2770,.F.);
#2772=EDGE_LOOP('',(#2740,#2748,#2756,#2762,#2763,#2764,#2765,#2771));
#2773=FACE_BOUND('',#2772,.T.);
#2774=ADVANCED_FACE('',(#2773),#2730,.F.);
#2775=CARTESIAN_POINT('',(-155.2,30.05,6.8));
#2776=DIRECTION('',(0.,0.,1.));
#2777=DIRECTION('',(1.,0.,-0.));
#2778=AXIS2_PLACEMENT_3D('',#2775,#2776,#2777);
#2779=CYLINDRICAL_SURFACE('',#2778,4.);
#2780=ORIENTED_EDGE('',*,*,#2459,.F.);
#2781=ORIENTED_EDGE('',*,*,#2632,.F.);
#2782=ORIENTED_EDGE('',*,*,#2713,.F.);
#2783=ORIENTED_EDGE('',*,*,#2587,.F.);
#2784=EDGE_LOOP('',(#2780,#2781,#2782,#2783));
#2785=FACE_BOUND('',#2784,.T.);
#2786=ADVANCED_FACE('',(#2785),#2779,.T.);
#2787=CARTESIAN_POINT('',(-155.2,-31.35,6.8));
#2788=DIRECTION('',(0.,0.,-1.));
#2789=DIRECTION('',(-1.,0.,0.));
#2790=AXIS2_PLACEMENT_3D('',#2787,#2788,#2789);
#2791=CYLINDRICAL_SURFACE('',#2790,4.);
#2792=ORIENTED_EDGE('',*,*,#2476,.F.);
#2793=ORIENTED_EDGE('',*,*,#2601,.F.);
#2794=ORIENTED_EDGE('',*,*,#2705,.F.);
#2795=ORIENTED_EDGE('',*,*,#2649,.F.);
#2796=EDGE_LOOP('',(#2792,#2793,#2794,#2795));
#2797=FACE_BOUND('',#2796,.T.);
#2798=ADVANCED_FACE('',(#2797),#2791,.T.);
#2799=CARTESIAN_POINT('',(-252.,-31.35,6.8));
#2800=DIRECTION('',(0.,0.,-1.));
#2801=DIRECTION('',(-1.,0.,0.));
#2802=AXIS2_PLACEMENT_3D('',#2799,#2800,#2801);
#2803=CYLINDRICAL_SURFACE('',#2802,4.);
#2804=ORIENTED_EDGE('',*,*,#2491,.F.);
#2805=ORIENTED_EDGE('',*,*,#2663,.F.);
#2806=ORIENTED_EDGE('',*,*,#2697,.F.);
#2807=ORIENTED_EDGE('',*,*,#1690,.F.);
#2808=EDGE_LOOP('',(#2804,#2805,#2806,#2807));
#2809=FACE_BOUND('',#2808,.T.);
#2810=ADVANCED_FACE('',(#2809),#2803,.T.);
#2811=CARTESIAN_POINT('',(-252.,30.05,6.8));
#2812=DIRECTION('',(0.,0.,-1.));
#2813=DIRECTION('',(-1.,0.,0.));
#2814=AXIS2_PLACEMENT_3D('',#2811,#2812,#2813);
#2815=CYLINDRICAL_SURFACE('',#2814,4.);
#2816=ORIENTED_EDGE('',*,*,#2442,.F.);
#2817=ORIENTED_EDGE('',*,*,#1674,.F.);
#2818=ORIENTED_EDGE('',*,*,#2721,.F.);
#2819=ORIENTED_EDGE('',*,*,#2618,.F.);
#2820=EDGE_LOOP('',(#2816,#2817,#2818,#2819));
#2821=FACE_BOUND('',#2820,.T.);
#2822=ADVANCED_FACE('',(#2821),#2815,.T.);
#2823=CARTESIAN_POINT('',(-407.2,-75.,6.));
#2824=DIRECTION('',(0.,0.,-1.));
#2825=DIRECTION('',(-1.,0.,-0.));
#2826=AXIS2_PLACEMENT_3D('',#2823,#2824,#2825);
#2827=PLANE('',#2826);
#2828=CARTESIAN_POINT('',(-212.943711908,0.67479827,6.));
#2829=VERTEX_POINT('',#2828);
#2830=CARTESIAN_POINT('',(-198.443711908,0.67479827,6.));
#2831=VERTEX_POINT('',#2830);
#2832=CARTESIAN_POINT('',(-205.693711908,0.67479827,6.));
#2833=DIRECTION('',(0.,0.,-1.));
#2834=DIRECTION('',(-1.,0.,-0.));
#2835=AXIS2_PLACEMENT_3D('',#2832,#2833,#2834);
#2836=CIRCLE('',#2835,7.25);
#2837=EDGE_CURVE('',#2829,#2831,#2836,.T.);
#2838=ORIENTED_EDGE('',*,*,#2837,.T.);
#2839=CARTESIAN_POINT('',(-205.693711908,0.67479827,6.));
#2840=DIRECTION('',(0.,0.,-1.));
#2841=DIRECTION('',(-1.,0.,-0.));
#2842=AXIS2_PLACEMENT_3D('',#2839,#2840,#2841);
#2843=CIRCLE('',#2842,7.25);
#2844=EDGE_CURVE('',#2831,#2829,#2843,.T.);
#2845=ORIENTED_EDGE('',*,*,#2844,.T.);
#2846=EDGE_LOOP('',(#2838,#2845));
#2847=FACE_BOUND('',#2846,.T.);
#2848=ORIENTED_EDGE('',*,*,#1625,.T.);
#2849=ORIENTED_EDGE('',*,*,#1951,.T.);
#2850=ORIENTED_EDGE('',*,*,#1770,.T.);
#2851=ORIENTED_EDGE('',*,*,#1738,.T.);
#2852=ORIENTED_EDGE('',*,*,#1713,.T.);
#2853=ORIENTED_EDGE('',*,*,#1838,.F.);
#2854=ORIENTED_EDGE('',*,*,#1817,.T.);
#2855=ORIENTED_EDGE('',*,*,#1927,.T.);
#2856=ORIENTED_EDGE('',*,*,#1857,.T.);
#2857=ORIENTED_EDGE('',*,*,#1896,.T.);
#2858=ORIENTED_EDGE('',*,*,#2761,.T.);
#2859=CARTESIAN_POINT('',(-155.7,-19.99,6.));
#2860=VERTEX_POINT('',#2859);
#2861=CARTESIAN_POINT('',(-155.7,-18.49,6.));
#2862=DIRECTION('',(0.,0.,-1.));
#2863=DIRECTION('',(-1.,0.,-0.));
#2864=AXIS2_PLACEMENT_3D('',#2861,#2862,#2863);
#2865=CIRCLE('',#2864,1.5);
#2866=EDGE_CURVE('',#2750,#2860,#2865,.T.);
#2867=ORIENTED_EDGE('',*,*,#2866,.T.);
#2868=CARTESIAN_POINT('',(-164.5,-19.99,6.));
#2869=VERTEX_POINT('',#2868);
#2870=CARTESIAN_POINT('',(-155.7,-19.99,6.));
#2871=DIRECTION('',(-1.,0.,-0.));
#2872=VECTOR('',#2871,8.8);
#2873=LINE('',#2870,#2872);
#2874=EDGE_CURVE('',#2860,#2869,#2873,.T.);
#2875=ORIENTED_EDGE('',*,*,#2874,.T.);
#2876=CARTESIAN_POINT('',(-166.,-18.49,6.));
#2877=VERTEX_POINT('',#2876);
#2878=CARTESIAN_POINT('',(-164.5,-18.49,6.));
#2879=DIRECTION('',(0.,0.,-1.));
#2880=DIRECTION('',(-1.,0.,-0.));
#2881=AXIS2_PLACEMENT_3D('',#2878,#2879,#2880);
#2882=CIRCLE('',#2881,1.5);
#2883=EDGE_CURVE('',#2869,#2877,#2882,.T.);
#2884=ORIENTED_EDGE('',*,*,#2883,.T.);
#2885=CARTESIAN_POINT('',(-166.,-2.49,6.));
#2886=VERTEX_POINT('',#2885);
#2887=CARTESIAN_POINT('',(-166.,-18.49,6.));
#2888=DIRECTION('',(0.,1.,0.));
#2889=VECTOR('',#2888,16.);
#2890=LINE('',#2887,#2889);
#2891=EDGE_CURVE('',#2877,#2886,#2890,.T.);
#2892=ORIENTED_EDGE('',*,*,#2891,.T.);
#2893=CARTESIAN_POINT('',(-164.5,-0.99,6.));
#2894=VERTEX_POINT('',#2893);
#2895=CARTESIAN_POINT('',(-164.5,-2.49,6.));
#2896=DIRECTION('',(0.,0.,-1.));
#2897=DIRECTION('',(-1.,0.,-0.));
#2898=AXIS2_PLACEMENT_3D('',#2895,#2896,#2897);
#2899=CIRCLE('',#2898,1.5);
#2900=EDGE_CURVE('',#2886,#2894,#2899,.T.);
#2901=ORIENTED_EDGE('',*,*,#2900,.T.);
#2902=CARTESIAN_POINT('',(-155.7,-0.99,6.));
#2903=VERTEX_POINT('',#2902);
#2904=CARTESIAN_POINT('',(-155.7,-0.99,6.));
#2905=DIRECTION('',(-1.,0.,-0.));
#2906=VECTOR('',#2905,8.8);
#2907=LINE('',#2904,#2906);
#2908=EDGE_CURVE('',#2903,#2894,#2907,.T.);
#2909=ORIENTED_EDGE('',*,*,#2908,.F.);
#2910=CARTESIAN_POINT('',(-155.7,-2.49,6.));
#2911=DIRECTION('',(0.,0.,-1.));
#2912=DIRECTION('',(-1.,0.,-0.));
#2913=AXIS2_PLACEMENT_3D('',#2910,#2911,#2912);
#2914=CIRCLE('',#2913,1.5);
#2915=EDGE_CURVE('',#2903,#2732,#2914,.T.);
#2916=ORIENTED_EDGE('',*,*,#2915,.T.);
#2917=ORIENTED_EDGE('',*,*,#2770,.T.);
#2918=ORIENTED_EDGE('',*,*,#1977,.T.);
#2919=EDGE_LOOP('',(#2848,#2849,#2850,#2851,#2852,#2853,#2854,#2855,#2856,#2857,#2858,#2867,#2875,#2884,#2892,#2901,#2909,#2916,#2917,#2918));
#2920=FACE_BOUND('',#2919,.T.);
#2921=CARTESIAN_POINT('',(-251.1,26.7,6.));
#2922=VERTEX_POINT('',#2921);
#2923=CARTESIAN_POINT('',(-249.,26.7,6.));
#2924=DIRECTION('',(-0.,-0.,1.));
#2925=DIRECTION('',(-1.,0.,-0.));
#2926=AXIS2_PLACEMENT_3D('',#2923,#2924,#2925);
#2927=CIRCLE('',#2926,2.1);
#2928=EDGE_CURVE('',#2922,#2922,#2927,.T.);
#2929=ORIENTED_EDGE('',*,*,#2928,.F.);
#2930=EDGE_LOOP('',(#2929));
#2931=FACE_BOUND('',#2930,.T.);
#2932=CARTESIAN_POINT('',(-186.06,-21.939999944,6.));
#2933=VERTEX_POINT('',#2932);
#2934=CARTESIAN_POINT('',(-186.56,-21.44,6.));
#2935=VERTEX_POINT('',#2934);
#2936=CARTESIAN_POINT('',(-186.56,-21.94,6.));
#2937=DIRECTION('',(-0.,-0.,1.));
#2938=DIRECTION('',(-1.,0.,-0.));
#2939=AXIS2_PLACEMENT_3D('',#2936,#2937,#2938);
#2940=CIRCLE('',#2939,0.5);
#2941=EDGE_CURVE('',#2933,#2935,#2940,.T.);
#2942=ORIENTED_EDGE('',*,*,#2941,.F.);
#2943=CARTESIAN_POINT('',(-186.06,-28.61,6.));
#2944=VERTEX_POINT('',#2943);
#2945=CARTESIAN_POINT('',(-186.06,-21.939999944,6.));
#2946=DIRECTION('',(0.,-1.,0.));
#2947=VECTOR('',#2946,6.670000056);
#2948=LINE('',#2945,#2947);
#2949=EDGE_CURVE('',#2933,#2944,#2948,.T.);
#2950=ORIENTED_EDGE('',*,*,#2949,.T.);
#2951=CARTESIAN_POINT('',(-186.56,-29.11,6.));
#2952=VERTEX_POINT('',#2951);
#2953=CARTESIAN_POINT('',(-186.56,-28.61,6.));
#2954=DIRECTION('',(-0.,-0.,1.));
#2955=DIRECTION('',(-1.,0.,-0.));
#2956=AXIS2_PLACEMENT_3D('',#2953,#2954,#2955);
#2957=CIRCLE('',#2956,0.5);
#2958=EDGE_CURVE('',#2952,#2944,#2957,.T.);
#2959=ORIENTED_EDGE('',*,*,#2958,.F.);
#2960=CARTESIAN_POINT('',(-198.76,-29.11,6.));
#2961=VERTEX_POINT('',#2960);
#2962=CARTESIAN_POINT('',(-186.56,-29.11,6.));
#2963=DIRECTION('',(-1.,0.,-0.));
#2964=VECTOR('',#2963,12.2);
#2965=LINE('',#2962,#2964);
#2966=EDGE_CURVE('',#2952,#2961,#2965,.T.);
#2967=ORIENTED_EDGE('',*,*,#2966,.T.);
#2968=CARTESIAN_POINT('',(-199.26,-28.610000057,6.));
#2969=VERTEX_POINT('',#2968);
#2970=CARTESIAN_POINT('',(-198.76,-28.61,6.));
#2971=DIRECTION('',(-0.,-0.,1.));
#2972=DIRECTION('',(-1.,0.,-0.));
#2973=AXIS2_PLACEMENT_3D('',#2970,#2971,#2972);
#2974=CIRCLE('',#2973,0.5);
#2975=EDGE_CURVE('',#2969,#2961,#2974,.T.);
#2976=ORIENTED_EDGE('',*,*,#2975,.F.);
#2977=CARTESIAN_POINT('',(-199.26,-21.94,6.));
#2978=VERTEX_POINT('',#2977);
#2979=CARTESIAN_POINT('',(-199.26,-28.610000057,6.));
#2980=DIRECTION('',(0.,1.,0.));
#2981=VECTOR('',#2980,6.670000057);
#2982=LINE('',#2979,#2981);
#2983=EDGE_CURVE('',#2969,#2978,#2982,.T.);
#2984=ORIENTED_EDGE('',*,*,#2983,.T.);
#2985=CARTESIAN_POINT('',(-198.76,-21.44,6.));
#2986=VERTEX_POINT('',#2985);
#2987=CARTESIAN_POINT('',(-198.76,-21.94,6.));
#2988=DIRECTION('',(-0.,-0.,1.));
#2989=DIRECTION('',(-1.,0.,-0.));
#2990=AXIS2_PLACEMENT_3D('',#2987,#2988,#2989);
#2991=CIRCLE('',#2990,0.5);
#2992=EDGE_CURVE('',#2986,#2978,#2991,.T.);
#2993=ORIENTED_EDGE('',*,*,#2992,.F.);
#2994=CARTESIAN_POINT('',(-198.76,-21.44,6.));
#2995=DIRECTION('',(1.,0.,0.));
#2996=VECTOR('',#2995,12.2);
#2997=LINE('',#2994,#2996);
#2998=EDGE_CURVE('',#2986,#2935,#2997,.T.);
#2999=ORIENTED_EDGE('',*,*,#2998,.T.);
#3000=EDGE_LOOP('',(#2942,#2950,#2959,#2967,#2976,#2984,#2993,#2999));
#3001=FACE_BOUND('',#3000,.T.);
#3002=CARTESIAN_POINT('',(-226.6,-20.615,6.));
#3003=VERTEX_POINT('',#3002);
#3004=CARTESIAN_POINT('',(-227.1,-20.115,6.));
#3005=VERTEX_POINT('',#3004);
#3006=CARTESIAN_POINT('',(-227.1,-20.615,6.));
#3007=DIRECTION('',(-0.,-0.,1.));
#3008=DIRECTION('',(-1.,0.,-0.));
#3009=AXIS2_PLACEMENT_3D('',#3006,#3007,#3008);
#3010=CIRCLE('',#3009,0.5);
#3011=EDGE_CURVE('',#3003,#3005,#3010,.T.);
#3012=ORIENTED_EDGE('',*,*,#3011,.F.);
#3013=CARTESIAN_POINT('',(-226.6,-27.94,6.));
#3014=VERTEX_POINT('',#3013);
#3015=CARTESIAN_POINT('',(-226.6,-20.615,6.));
#3016=DIRECTION('',(0.,-1.,0.));
#3017=VECTOR('',#3016,7.325);
#3018=LINE('',#3015,#3017);
#3019=EDGE_CURVE('',#3003,#3014,#3018,.T.);
#3020=ORIENTED_EDGE('',*,*,#3019,.T.);
#3021=CARTESIAN_POINT('',(-227.1,-28.44,6.));
#3022=VERTEX_POINT('',#3021);
#3023=CARTESIAN_POINT('',(-227.1,-27.94,6.));
#3024=DIRECTION('',(-0.,-0.,1.));
#3025=DIRECTION('',(-1.,0.,-0.));
#3026=AXIS2_PLACEMENT_3D('',#3023,#3024,#3025);
#3027=CIRCLE('',#3026,0.5);
#3028=EDGE_CURVE('',#3022,#3014,#3027,.T.);
#3029=ORIENTED_EDGE('',*,*,#3028,.F.);
#3030=CARTESIAN_POINT('',(-242.1,-28.44,6.));
#3031=VERTEX_POINT('',#3030);
#3032=CARTESIAN_POINT('',(-227.1,-28.44,6.));
#3033=DIRECTION('',(-1.,0.,-0.));
#3034=VECTOR('',#3033,15.);
#3035=LINE('',#3032,#3034);
#3036=EDGE_CURVE('',#3022,#3031,#3035,.T.);
#3037=ORIENTED_EDGE('',*,*,#3036,.T.);
#3038=CARTESIAN_POINT('',(-242.6,-27.940000057,6.));
#3039=VERTEX_POINT('',#3038);
#3040=CARTESIAN_POINT('',(-242.1,-27.94,6.));
#3041=DIRECTION('',(-0.,-0.,1.));
#3042=DIRECTION('',(-1.,0.,-0.));
#3043=AXIS2_PLACEMENT_3D('',#3040,#3041,#3042);
#3044=CIRCLE('',#3043,0.5);
#3045=EDGE_CURVE('',#3039,#3031,#3044,.T.);
#3046=ORIENTED_EDGE('',*,*,#3045,.F.);
#3047=CARTESIAN_POINT('',(-242.6,-20.615,6.));
#3048=VERTEX_POINT('',#3047);
#3049=CARTESIAN_POINT('',(-242.6,-27.940000057,6.));
#3050=DIRECTION('',(0.,1.,0.));
#3051=VECTOR('',#3050,7.325000057);
#3052=LINE('',#3049,#3051);
#3053=EDGE_CURVE('',#3039,#3048,#3052,.T.);
#3054=ORIENTED_EDGE('',*,*,#3053,.T.);
#3055=CARTESIAN_POINT('',(-242.1,-20.115,6.));
#3056=VERTEX_POINT('',#3055);
#3057=CARTESIAN_POINT('',(-242.1,-20.615,6.));
#3058=DIRECTION('',(-0.,-0.,1.));
#3059=DIRECTION('',(-1.,0.,-0.));
#3060=AXIS2_PLACEMENT_3D('',#3057,#3058,#3059);
#3061=CIRCLE('',#3060,0.5);
#3062=EDGE_CURVE('',#3056,#3048,#3061,.T.);
#3063=ORIENTED_EDGE('',*,*,#3062,.F.);
#3064=CARTESIAN_POINT('',(-242.1,-20.115,6.));
#3065=DIRECTION('',(1.,0.,0.));
#3066=VECTOR('',#3065,15.);
#3067=LINE('',#3064,#3066);
#3068=EDGE_CURVE('',#3056,#3005,#3067,.T.);
#3069=ORIENTED_EDGE('',*,*,#3068,.T.);
#3070=EDGE_LOOP('',(#3012,#3020,#3029,#3037,#3046,#3054,#3063,#3069));
#3071=FACE_BOUND('',#3070,.T.);
#3072=CARTESIAN_POINT('',(-212.1887,-26.0587,6.));
#3073=VERTEX_POINT('',#3072);
#3074=CARTESIAN_POINT('',(-211.6887,-26.5587,6.));
#3075=VERTEX_POINT('',#3074);
#3076=CARTESIAN_POINT('',(-211.6887,-26.0587,6.));
#3077=DIRECTION('',(-0.,-0.,1.));
#3078=DIRECTION('',(-1.,0.,-0.));
#3079=AXIS2_PLACEMENT_3D('',#3076,#3077,#3078);
#3080=CIRCLE('',#3079,0.5);
#3081=EDGE_CURVE('',#3073,#3075,#3080,.T.);
#3082=ORIENTED_EDGE('',*,*,#3081,.F.);
#3083=CARTESIAN_POINT('',(-212.1887,-19.0318,6.));
#3084=VERTEX_POINT('',#3083);
#3085=CARTESIAN_POINT('',(-212.1887,-26.0587,6.));
#3086=DIRECTION('',(0.,1.,0.));
#3087=VECTOR('',#3086,7.0269);
#3088=LINE('',#3085,#3087);
#3089=EDGE_CURVE('',#3073,#3084,#3088,.T.);
#3090=ORIENTED_EDGE('',*,*,#3089,.T.);
#3091=CARTESIAN_POINT('',(-211.6887,-18.5318,6.));
#3092=VERTEX_POINT('',#3091);
#3093=CARTESIAN_POINT('',(-211.6887,-19.0318,6.));
#3094=DIRECTION('',(-0.,-0.,1.));
#3095=DIRECTION('',(-1.,0.,-0.));
#3096=AXIS2_PLACEMENT_3D('',#3093,#3094,#3095);
#3097=CIRCLE('',#3096,0.5);
#3098=EDGE_CURVE('',#3092,#3084,#3097,.T.);
#3099=ORIENTED_EDGE('',*,*,#3098,.F.);
#3100=CARTESIAN_POINT('',(-203.6887,-18.5318,6.));
#3101=VERTEX_POINT('',#3100);
#3102=CARTESIAN_POINT('',(-211.6887,-18.5318,6.));
#3103=DIRECTION('',(1.,0.,0.));
#3104=VECTOR('',#3103,8.);
#3105=LINE('',#3102,#3104);
#3106=EDGE_CURVE('',#3092,#3101,#3105,.T.);
#3107=ORIENTED_EDGE('',*,*,#3106,.T.);
#3108=CARTESIAN_POINT('',(-203.1887,-19.0318,6.));
#3109=VERTEX_POINT('',#3108);
#3110=CARTESIAN_POINT('',(-203.6887,-19.0318,6.));
#3111=DIRECTION('',(-0.,-0.,1.));
#3112=DIRECTION('',(-1.,0.,-0.));
#3113=AXIS2_PLACEMENT_3D('',#3110,#3111,#3112);
#3114=CIRCLE('',#3113,0.5);
#3115=EDGE_CURVE('',#3109,#3101,#3114,.T.);
#3116=ORIENTED_EDGE('',*,*,#3115,.F.);
#3117=CARTESIAN_POINT('',(-203.1887,-26.0587,6.));
#3118=VERTEX_POINT('',#3117);
#3119=CARTESIAN_POINT('',(-203.1887,-19.0318,6.));
#3120=DIRECTION('',(0.,-1.,0.));
#3121=VECTOR('',#3120,7.0269);
#3122=LINE('',#3119,#3121);
#3123=EDGE_CURVE('',#3109,#3118,#3122,.T.);
#3124=ORIENTED_EDGE('',*,*,#3123,.T.);
#3125=CARTESIAN_POINT('',(-203.6887,-26.5587,6.));
#3126=VERTEX_POINT('',#3125);
#3127=CARTESIAN_POINT('',(-203.6887,-26.0587,6.));
#3128=DIRECTION('',(-0.,-0.,1.));
#3129=DIRECTION('',(-1.,0.,-0.));
#3130=AXIS2_PLACEMENT_3D('',#3127,#3128,#3129);
#3131=CIRCLE('',#3130,0.5);
#3132=EDGE_CURVE('',#3126,#3118,#3131,.T.);
#3133=ORIENTED_EDGE('',*,*,#3132,.F.);
#3134=CARTESIAN_POINT('',(-203.6887,-26.5587,6.));
#3135=DIRECTION('',(-1.,0.,-0.));
#3136=VECTOR('',#3135,8.);
#3137=LINE('',#3134,#3136);
#3138=EDGE_CURVE('',#3126,#3075,#3137,.T.);
#3139=ORIENTED_EDGE('',*,*,#3138,.T.);
#3140=EDGE_LOOP('',(#3082,#3090,#3099,#3107,#3116,#3124,#3133,#3139));
#3141=FACE_BOUND('',#3140,.T.);
#3142=CARTESIAN_POINT('',(-189.44,28.36,6.));
#3143=VERTEX_POINT('',#3142);
#3144=CARTESIAN_POINT('',(-189.94,27.86,6.));
#3145=VERTEX_POINT('',#3144);
#3146=CARTESIAN_POINT('',(-189.44,27.86,6.));
#3147=DIRECTION('',(-0.,-0.,1.));
#3148=DIRECTION('',(-1.,0.,-0.));
#3149=AXIS2_PLACEMENT_3D('',#3146,#3147,#3148);
#3150=CIRCLE('',#3149,0.5);
#3151=EDGE_CURVE('',#3143,#3145,#3150,.T.);
#3152=ORIENTED_EDGE('',*,*,#3151,.F.);
#3153=CARTESIAN_POINT('',(-177.24,28.36,6.));
#3154=VERTEX_POINT('',#3153);
#3155=CARTESIAN_POINT('',(-189.44,28.36,6.));
#3156=DIRECTION('',(1.,0.,0.));
#3157=VECTOR('',#3156,12.2);
#3158=LINE('',#3155,#3157);
#3159=EDGE_CURVE('',#3143,#3154,#3158,.T.);
#3160=ORIENTED_EDGE('',*,*,#3159,.T.);
#3161=CARTESIAN_POINT('',(-176.74,27.859999643,6.));
#3162=VERTEX_POINT('',#3161);
#3163=CARTESIAN_POINT('',(-177.24,27.86,6.));
#3164=DIRECTION('',(-0.,-0.,1.));
#3165=DIRECTION('',(-1.,0.,-0.));
#3166=AXIS2_PLACEMENT_3D('',#3163,#3164,#3165);
#3167=CIRCLE('',#3166,0.5);
#3168=EDGE_CURVE('',#3162,#3154,#3167,.T.);
#3169=ORIENTED_EDGE('',*,*,#3168,.F.);
#3170=CARTESIAN_POINT('',(-176.74,21.389999828,6.));
#3171=VERTEX_POINT('',#3170);
#3172=CARTESIAN_POINT('',(-176.74,27.859999643,6.));
#3173=DIRECTION('',(0.,-1.,0.));
#3174=VECTOR('',#3173,6.469999816);
#3175=LINE('',#3172,#3174);
#3176=EDGE_CURVE('',#3162,#3171,#3175,.T.);
#3177=ORIENTED_EDGE('',*,*,#3176,.T.);
#3178=CARTESIAN_POINT('',(-177.24,20.89,6.));
#3179=VERTEX_POINT('',#3178);
#3180=CARTESIAN_POINT('',(-177.24,21.39,6.));
#3181=DIRECTION('',(-0.,-0.,1.));
#3182=DIRECTION('',(-1.,0.,-0.));
#3183=AXIS2_PLACEMENT_3D('',#3180,#3181,#3182);
#3184=CIRCLE('',#3183,0.5);
#3185=EDGE_CURVE('',#3179,#3171,#3184,.T.);
#3186=ORIENTED_EDGE('',*,*,#3185,.F.);
#3187=CARTESIAN_POINT('',(-189.44,20.89,6.));
#3188=VERTEX_POINT('',#3187);
#3189=CARTESIAN_POINT('',(-177.24,20.89,6.));
#3190=DIRECTION('',(-1.,0.,-0.));
#3191=VECTOR('',#3190,12.2);
#3192=LINE('',#3189,#3191);
#3193=EDGE_CURVE('',#3179,#3188,#3192,.T.);
#3194=ORIENTED_EDGE('',*,*,#3193,.T.);
#3195=CARTESIAN_POINT('',(-189.94,21.39,6.));
#3196=VERTEX_POINT('',#3195);
#3197=CARTESIAN_POINT('',(-189.44,21.39,6.));
#3198=DIRECTION('',(-0.,-0.,1.));
#3199=DIRECTION('',(-1.,0.,-0.));
#3200=AXIS2_PLACEMENT_3D('',#3197,#3198,#3199);
#3201=CIRCLE('',#3200,0.5);
#3202=EDGE_CURVE('',#3196,#3188,#3201,.T.);
#3203=ORIENTED_EDGE('',*,*,#3202,.F.);
#3204=CARTESIAN_POINT('',(-189.94,21.39,6.));
#3205=DIRECTION('',(0.,1.,0.));
#3206=VECTOR('',#3205,6.47);
#3207=LINE('',#3204,#3206);
#3208=EDGE_CURVE('',#3196,#3145,#3207,.T.);
#3209=ORIENTED_EDGE('',*,*,#3208,.T.);
#3210=EDGE_LOOP('',(#3152,#3160,#3169,#3177,#3186,#3194,#3203,#3209));
#3211=FACE_BOUND('',#3210,.T.);
#3212=CARTESIAN_POINT('',(-223.98,-13.53,6.));
#3213=VERTEX_POINT('',#3212);
#3214=CARTESIAN_POINT('',(-224.48,-14.03,6.));
#3215=VERTEX_POINT('',#3214);
#3216=CARTESIAN_POINT('',(-223.98,-14.03,6.));
#3217=DIRECTION('',(-0.,-0.,1.));
#3218=DIRECTION('',(-1.,0.,-0.));
#3219=AXIS2_PLACEMENT_3D('',#3216,#3217,#3218);
#3220=CIRCLE('',#3219,0.5);
#3221=EDGE_CURVE('',#3213,#3215,#3220,.T.);
#3222=ORIENTED_EDGE('',*,*,#3221,.F.);
#3223=CARTESIAN_POINT('',(-216.78,-13.53,6.));
#3224=VERTEX_POINT('',#3223);
#3225=CARTESIAN_POINT('',(-223.98,-13.53,6.));
#3226=DIRECTION('',(1.,0.,0.));
#3227=VECTOR('',#3226,7.2);
#3228=LINE('',#3225,#3227);
#3229=EDGE_CURVE('',#3213,#3224,#3228,.T.);
#3230=ORIENTED_EDGE('',*,*,#3229,.T.);
#3231=CARTESIAN_POINT('',(-216.28,-14.03,6.));
#3232=VERTEX_POINT('',#3231);
#3233=CARTESIAN_POINT('',(-216.78,-14.03,6.));
#3234=DIRECTION('',(-0.,-0.,1.));
#3235=DIRECTION('',(-1.,0.,-0.));
#3236=AXIS2_PLACEMENT_3D('',#3233,#3234,#3235);
#3237=CIRCLE('',#3236,0.5);
#3238=EDGE_CURVE('',#3232,#3224,#3237,.T.);
#3239=ORIENTED_EDGE('',*,*,#3238,.F.);
#3240=CARTESIAN_POINT('',(-216.28,-19.03,6.));
#3241=VERTEX_POINT('',#3240);
#3242=CARTESIAN_POINT('',(-216.28,-14.03,6.));
#3243=DIRECTION('',(0.,-1.,0.));
#3244=VECTOR('',#3243,5.);
#3245=LINE('',#3242,#3244);
#3246=EDGE_CURVE('',#3232,#3241,#3245,.T.);
#3247=ORIENTED_EDGE('',*,*,#3246,.T.);
#3248=CARTESIAN_POINT('',(-216.78,-19.53,6.));
#3249=VERTEX_POINT('',#3248);
#3250=CARTESIAN_POINT('',(-216.78,-19.03,6.));
#3251=DIRECTION('',(-0.,-0.,1.));
#3252=DIRECTION('',(-1.,0.,-0.));
#3253=AXIS2_PLACEMENT_3D('',#3250,#3251,#3252);
#3254=CIRCLE('',#3253,0.5);
#3255=EDGE_CURVE('',#3249,#3241,#3254,.T.);
#3256=ORIENTED_EDGE('',*,*,#3255,.F.);
#3257=CARTESIAN_POINT('',(-223.98,-19.53,6.));
#3258=VERTEX_POINT('',#3257);
#3259=CARTESIAN_POINT('',(-216.78,-19.53,6.));
#3260=DIRECTION('',(-1.,0.,-0.));
#3261=VECTOR('',#3260,7.2);
#3262=LINE('',#3259,#3261);
#3263=EDGE_CURVE('',#3249,#3258,#3262,.T.);
#3264=ORIENTED_EDGE('',*,*,#3263,.T.);
#3265=CARTESIAN_POINT('',(-224.48,-19.03,6.));
#3266=VERTEX_POINT('',#3265);
#3267=CARTESIAN_POINT('',(-223.98,-19.03,6.));
#3268=DIRECTION('',(-0.,-0.,1.));
#3269=DIRECTION('',(-1.,0.,-0.));
#3270=AXIS2_PLACEMENT_3D('',#3267,#3268,#3269);
#3271=CIRCLE('',#3270,0.5);
#3272=EDGE_CURVE('',#3266,#3258,#3271,.T.);
#3273=ORIENTED_EDGE('',*,*,#3272,.F.);
#3274=CARTESIAN_POINT('',(-224.48,-19.03,6.));
#3275=DIRECTION('',(0.,1.,0.));
#3276=VECTOR('',#3275,5.);
#3277=LINE('',#3274,#3276);
#3278=EDGE_CURVE('',#3266,#3215,#3277,.T.);
#3279=ORIENTED_EDGE('',*,*,#3278,.T.);
#3280=EDGE_LOOP('',(#3222,#3230,#3239,#3247,#3256,#3264,#3273,#3279));
#3281=FACE_BOUND('',#3280,.T.);
#3282=CARTESIAN_POINT('',(-160.3,26.8,6.));
#3283=VERTEX_POINT('',#3282);
#3284=CARTESIAN_POINT('',(-158.2,26.8,6.));
#3285=DIRECTION('',(-0.,-0.,1.));
#3286=DIRECTION('',(-1.,0.,-0.));
#3287=AXIS2_PLACEMENT_3D('',#3284,#3285,#3286);
#3288=CIRCLE('',#3287,2.1);
#3289=EDGE_CURVE('',#3283,#3283,#3288,.T.);
#3290=ORIENTED_EDGE('',*,*,#3289,.F.);
#3291=EDGE_LOOP('',(#3290));
#3292=FACE_BOUND('',#3291,.T.);
#3293=CARTESIAN_POINT('',(-160.3,-26.,6.));
#3294=VERTEX_POINT('',#3293);
#3295=CARTESIAN_POINT('',(-158.2,-26.,6.));
#3296=DIRECTION('',(-0.,-0.,1.));
#3297=DIRECTION('',(-1.,0.,-0.));
#3298=AXIS2_PLACEMENT_3D('',#3295,#3296,#3297);
#3299=CIRCLE('',#3298,2.1);
#3300=EDGE_CURVE('',#3294,#3294,#3299,.T.);
#3301=ORIENTED_EDGE('',*,*,#3300,.F.);
#3302=EDGE_LOOP('',(#3301));
#3303=FACE_BOUND('',#3302,.T.);
#3304=CARTESIAN_POINT('',(-251.1,-25.9,6.));
#3305=VERTEX_POINT('',#3304);
#3306=CARTESIAN_POINT('',(-249.,-25.9,6.));
#3307=DIRECTION('',(-0.,-0.,1.));
#3308=DIRECTION('',(-1.,0.,-0.));
#3309=AXIS2_PLACEMENT_3D('',#3306,#3307,#3308);
#3310=CIRCLE('',#3309,2.1);
#3311=EDGE_CURVE('',#3305,#3305,#3310,.T.);
#3312=ORIENTED_EDGE('',*,*,#3311,.F.);
#3313=EDGE_LOOP('',(#3312));
#3314=FACE_BOUND('',#3313,.T.);
#3315=ADVANCED_FACE('',(#2847,#2920,#2931,#3001,#3071,#3141,#3211,#3281,#3292,#3303,#3314),#2827,.F.);
#3316=CARTESIAN_POINT('',(-164.05,-0.99,1.2));
#3317=DIRECTION('',(0.,1.,0.));
#3318=DIRECTION('',(1.,0.,0.));
#3319=AXIS2_PLACEMENT_3D('',#3316,#3317,#3318);
#3320=PLANE('',#3319);
#3321=CARTESIAN_POINT('',(-164.5,-0.99,2.));
#3322=VERTEX_POINT('',#3321);
#3323=CARTESIAN_POINT('',(-164.5,-0.99,2.));
#3324=DIRECTION('',(-0.,0.,1.));
#3325=VECTOR('',#3324,4.);
#3326=LINE('',#3323,#3325);
#3327=EDGE_CURVE('',#3322,#2894,#3326,.T.);
#3328=ORIENTED_EDGE('',*,*,#3327,.F.);
#3329=CARTESIAN_POINT('',(-155.7,-0.99,2.));
#3330=VERTEX_POINT('',#3329);
#3331=CARTESIAN_POINT('',(-164.5,-0.99,2.));
#3332=DIRECTION('',(1.,-0.,-0.));
#3333=VECTOR('',#3332,8.8);
#3334=LINE('',#3331,#3333);
#3335=EDGE_CURVE('',#3322,#3330,#3334,.T.);
#3336=ORIENTED_EDGE('',*,*,#3335,.T.);
#3337=CARTESIAN_POINT('',(-155.7,-0.99,2.));
#3338=DIRECTION('',(0.,0.,1.));
#3339=VECTOR('',#3338,4.);
#3340=LINE('',#3337,#3339);
#3341=EDGE_CURVE('',#3330,#2903,#3340,.T.);
#3342=ORIENTED_EDGE('',*,*,#3341,.T.);
#3343=ORIENTED_EDGE('',*,*,#2908,.T.);
#3344=EDGE_LOOP('',(#3328,#3336,#3342,#3343));
#3345=FACE_BOUND('',#3344,.T.);
#3346=ADVANCED_FACE('',(#3345),#3320,.F.);
#3347=CARTESIAN_POINT('',(-164.5,-2.49,-1.4072));
#3348=DIRECTION('',(-0.,0.,1.));
#3349=DIRECTION('',(0.,1.,0.));
#3350=AXIS2_PLACEMENT_3D('',#3347,#3348,#3349);
#3351=CYLINDRICAL_SURFACE('',#3350,1.5);
#3352=CARTESIAN_POINT('',(-166.,-2.49,2.));
#3353=VERTEX_POINT('',#3352);
#3354=CARTESIAN_POINT('',(-166.,-2.49,2.));
#3355=DIRECTION('',(-0.,-0.,1.));
#3356=VECTOR('',#3355,4.);
#3357=LINE('',#3354,#3356);
#3358=EDGE_CURVE('',#3353,#2886,#3357,.T.);
#3359=ORIENTED_EDGE('',*,*,#3358,.F.);
#3360=CARTESIAN_POINT('',(-164.5,-2.49,2.));
#3361=DIRECTION('',(-0.,-0.,-1.));
#3362=DIRECTION('',(1.,0.,-0.));
#3363=AXIS2_PLACEMENT_3D('',#3360,#3361,#3362);
#3364=CIRCLE('',#3363,1.5);
#3365=EDGE_CURVE('',#3353,#3322,#3364,.T.);
#3366=ORIENTED_EDGE('',*,*,#3365,.T.);
#3367=ORIENTED_EDGE('',*,*,#3327,.T.);
#3368=ORIENTED_EDGE('',*,*,#2900,.F.);
#3369=EDGE_LOOP('',(#3359,#3366,#3367,#3368));
#3370=FACE_BOUND('',#3369,.T.);
#3371=ADVANCED_FACE('',(#3370),#3351,.F.);
#3372=CARTESIAN_POINT('',(-166.,-19.99,1.2));
#3373=DIRECTION('',(-1.,0.,-0.));
#3374=DIRECTION('',(0.,1.,0.));
#3375=AXIS2_PLACEMENT_3D('',#3372,#3373,#3374);
#3376=PLANE('',#3375);
#3377=CARTESIAN_POINT('',(-166.,-18.49,2.));
#3378=VERTEX_POINT('',#3377);
#3379=CARTESIAN_POINT('',(-166.,-18.49,2.));
#3380=DIRECTION('',(-0.,0.,1.));
#3381=VECTOR('',#3380,4.);
#3382=LINE('',#3379,#3381);
#3383=EDGE_CURVE('',#3378,#2877,#3382,.T.);
#3384=ORIENTED_EDGE('',*,*,#3383,.F.);
#3385=CARTESIAN_POINT('',(-166.,-18.49,2.));
#3386=DIRECTION('',(0.,1.,0.));
#3387=VECTOR('',#3386,16.);
#3388=LINE('',#3385,#3387);
#3389=EDGE_CURVE('',#3378,#3353,#3388,.T.);
#3390=ORIENTED_EDGE('',*,*,#3389,.T.);
#3391=ORIENTED_EDGE('',*,*,#3358,.T.);
#3392=ORIENTED_EDGE('',*,*,#2891,.F.);
#3393=EDGE_LOOP('',(#3384,#3390,#3391,#3392));
#3394=FACE_BOUND('',#3393,.T.);
#3395=ADVANCED_FACE('',(#3394),#3376,.F.);
#3396=CARTESIAN_POINT('',(-164.5,-18.49,-1.4072));
#3397=DIRECTION('',(-0.,0.,1.));
#3398=DIRECTION('',(-1.,0.,-0.));
#3399=AXIS2_PLACEMENT_3D('',#3396,#3397,#3398);
#3400=CYLINDRICAL_SURFACE('',#3399,1.5);
#3401=CARTESIAN_POINT('',(-164.5,-19.99,2.));
#3402=VERTEX_POINT('',#3401);
#3403=CARTESIAN_POINT('',(-164.5,-19.99,2.));
#3404=DIRECTION('',(-0.,-0.,1.));
#3405=VECTOR('',#3404,4.);
#3406=LINE('',#3403,#3405);
#3407=EDGE_CURVE('',#3402,#2869,#3406,.T.);
#3408=ORIENTED_EDGE('',*,*,#3407,.F.);
#3409=CARTESIAN_POINT('',(-164.5,-18.49,2.));
#3410=DIRECTION('',(-0.,-0.,-1.));
#3411=DIRECTION('',(1.,0.,-0.));
#3412=AXIS2_PLACEMENT_3D('',#3409,#3410,#3411);
#3413=CIRCLE('',#3412,1.5);
#3414=EDGE_CURVE('',#3402,#3378,#3413,.T.);
#3415=ORIENTED_EDGE('',*,*,#3414,.T.);
#3416=ORIENTED_EDGE('',*,*,#3383,.T.);
#3417=ORIENTED_EDGE('',*,*,#2883,.F.);
#3418=EDGE_LOOP('',(#3408,#3415,#3416,#3417));
#3419=FACE_BOUND('',#3418,.T.);
#3420=ADVANCED_FACE('',(#3419),#3400,.F.);
#3421=CARTESIAN_POINT('',(-152.05,-19.99,1.2));
#3422=DIRECTION('',(0.,-1.,0.));
#3423=DIRECTION('',(-1.,0.,-0.));
#3424=AXIS2_PLACEMENT_3D('',#3421,#3422,#3423);
#3425=PLANE('',#3424);
#3426=CARTESIAN_POINT('',(-155.7,-19.99,2.));
#3427=VERTEX_POINT('',#3426);
#3428=CARTESIAN_POINT('',(-155.7,-19.99,6.));
#3429=DIRECTION('',(-0.,-0.,-1.));
#3430=VECTOR('',#3429,4.);
#3431=LINE('',#3428,#3430);
#3432=EDGE_CURVE('',#2860,#3427,#3431,.T.);
#3433=ORIENTED_EDGE('',*,*,#3432,.T.);
#3434=CARTESIAN_POINT('',(-155.7,-19.99,2.));
#3435=DIRECTION('',(-1.,0.,0.));
#3436=VECTOR('',#3435,8.8);
#3437=LINE('',#3434,#3436);
#3438=EDGE_CURVE('',#3427,#3402,#3437,.T.);
#3439=ORIENTED_EDGE('',*,*,#3438,.T.);
#3440=ORIENTED_EDGE('',*,*,#3407,.T.);
#3441=ORIENTED_EDGE('',*,*,#2874,.F.);
#3442=EDGE_LOOP('',(#3433,#3439,#3440,#3441));
#3443=FACE_BOUND('',#3442,.T.);
#3444=ADVANCED_FACE('',(#3443),#3425,.F.);
#3445=CARTESIAN_POINT('',(-249.,26.7,1.2));
#3446=DIRECTION('',(0.,0.,-1.));
#3447=DIRECTION('',(-1.,0.,-0.));
#3448=AXIS2_PLACEMENT_3D('',#3445,#3446,#3447);
#3449=CYLINDRICAL_SURFACE('',#3448,2.1);
#3450=CARTESIAN_POINT('',(-251.1,26.7,1.));
#3451=DIRECTION('',(-0.,-0.,1.));
#3452=VECTOR('',#3451,5.);
#3453=LINE('',#3450,#3452);
#3454=EDGE_CURVE('',#2556,#2922,#3453,.T.);
#3455=ORIENTED_EDGE('',*,*,#3454,.F.);
#3456=ORIENTED_EDGE('',*,*,#2564,.T.);
#3457=ORIENTED_EDGE('',*,*,#2571,.T.);
#3458=ORIENTED_EDGE('',*,*,#3454,.T.);
#3459=ORIENTED_EDGE('',*,*,#2928,.T.);
#3460=EDGE_LOOP('',(#3455,#3456,#3457,#3458,#3459));
#3461=FACE_BOUND('',#3460,.T.);
#3462=ADVANCED_FACE('',(#3461),#3449,.F.);
#3463=CARTESIAN_POINT('',(-249.,-25.9,1.2));
#3464=DIRECTION('',(0.,0.,-1.));
#3465=DIRECTION('',(-1.,0.,-0.));
#3466=AXIS2_PLACEMENT_3D('',#3463,#3464,#3465);
#3467=CYLINDRICAL_SURFACE('',#3466,2.1);
#3468=CARTESIAN_POINT('',(-251.1,-25.9,1.));
#3469=DIRECTION('',(-0.,-0.,1.));
#3470=VECTOR('',#3469,5.);
#3471=LINE('',#3468,#3470);
#3472=EDGE_CURVE('',#2536,#3305,#3471,.T.);
#3473=ORIENTED_EDGE('',*,*,#3472,.F.);
#3474=ORIENTED_EDGE('',*,*,#2544,.T.);
#3475=ORIENTED_EDGE('',*,*,#2551,.T.);
#3476=ORIENTED_EDGE('',*,*,#3472,.T.);
#3477=ORIENTED_EDGE('',*,*,#3311,.T.);
#3478=EDGE_LOOP('',(#3473,#3474,#3475,#3476,#3477));
#3479=FACE_BOUND('',#3478,.T.);
#3480=ADVANCED_FACE('',(#3479),#3467,.F.);
#3481=CARTESIAN_POINT('',(-158.2,-26.,1.2));
#3482=DIRECTION('',(0.,0.,-1.));
#3483=DIRECTION('',(-1.,0.,-0.));
#3484=AXIS2_PLACEMENT_3D('',#3481,#3482,#3483);
#3485=CYLINDRICAL_SURFACE('',#3484,2.1);
#3486=CARTESIAN_POINT('',(-160.3,-26.,1.));
#3487=DIRECTION('',(-0.,-0.,1.));
#3488=VECTOR('',#3487,5.);
#3489=LINE('',#3486,#3488);
#3490=EDGE_CURVE('',#2516,#3294,#3489,.T.);
#3491=ORIENTED_EDGE('',*,*,#3490,.F.);
#3492=ORIENTED_EDGE('',*,*,#2524,.T.);
#3493=ORIENTED_EDGE('',*,*,#2531,.T.);
#3494=ORIENTED_EDGE('',*,*,#3490,.T.);
#3495=ORIENTED_EDGE('',*,*,#3300,.T.);
#3496=EDGE_LOOP('',(#3491,#3492,#3493,#3494,#3495));
#3497=FACE_BOUND('',#3496,.T.);
#3498=ADVANCED_FACE('',(#3497),#3485,.F.);
#3499=CARTESIAN_POINT('',(-158.2,26.8,1.2));
#3500=DIRECTION('',(0.,0.,-1.));
#3501=DIRECTION('',(-1.,0.,-0.));
#3502=AXIS2_PLACEMENT_3D('',#3499,#3500,#3501);
#3503=CYLINDRICAL_SURFACE('',#3502,2.1);
#3504=CARTESIAN_POINT('',(-160.3,26.8,1.));
#3505=DIRECTION('',(-0.,-0.,1.));
#3506=VECTOR('',#3505,5.);
#3507=LINE('',#3504,#3506);
#3508=EDGE_CURVE('',#2496,#3283,#3507,.T.);
#3509=ORIENTED_EDGE('',*,*,#3508,.F.);
#3510=ORIENTED_EDGE('',*,*,#2504,.T.);
#3511=ORIENTED_EDGE('',*,*,#2511,.T.);
#3512=ORIENTED_EDGE('',*,*,#3508,.T.);
#3513=ORIENTED_EDGE('',*,*,#3289,.T.);
#3514=EDGE_LOOP('',(#3509,#3510,#3511,#3512,#3513));
#3515=FACE_BOUND('',#3514,.T.);
#3516=ADVANCED_FACE('',(#3515),#3503,.F.);
#3517=CARTESIAN_POINT('',(-224.48,-14.03,1.2));
#3518=DIRECTION('',(1.,0.,0.));
#3519=DIRECTION('',(0.,-1.,0.));
#3520=AXIS2_PLACEMENT_3D('',#3517,#3518,#3519);
#3521=PLANE('',#3520);
#3522=CARTESIAN_POINT('',(-224.48,-19.03,2.));
#3523=VERTEX_POINT('',#3522);
#3524=CARTESIAN_POINT('',(-224.48,-19.03,6.));
#3525=DIRECTION('',(0.,0.,-1.));
#3526=VECTOR('',#3525,4.);
#3527=LINE('',#3524,#3526);
#3528=EDGE_CURVE('',#3266,#3523,#3527,.T.);
#3529=ORIENTED_EDGE('',*,*,#3528,.T.);
#3530=CARTESIAN_POINT('',(-224.48,-14.03,2.));
#3531=VERTEX_POINT('',#3530);
#3532=CARTESIAN_POINT('',(-224.48,-19.03,2.));
#3533=DIRECTION('',(0.,1.,0.));
#3534=VECTOR('',#3533,5.);
#3535=LINE('',#3532,#3534);
#3536=EDGE_CURVE('',#3523,#3531,#3535,.T.);
#3537=ORIENTED_EDGE('',*,*,#3536,.T.);
#3538=CARTESIAN_POINT('',(-224.48,-14.03,2.));
#3539=DIRECTION('',(-0.,-0.,1.));
#3540=VECTOR('',#3539,4.);
#3541=LINE('',#3538,#3540);
#3542=EDGE_CURVE('',#3531,#3215,#3541,.T.);
#3543=ORIENTED_EDGE('',*,*,#3542,.T.);
#3544=ORIENTED_EDGE('',*,*,#3278,.F.);
#3545=EDGE_LOOP('',(#3529,#3537,#3543,#3544));
#3546=FACE_BOUND('',#3545,.T.);
#3547=ADVANCED_FACE('',(#3546),#3521,.T.);
#3548=CARTESIAN_POINT('',(-223.98,-19.03,1.2));
#3549=DIRECTION('',(0.,0.,-1.));
#3550=DIRECTION('',(-1.,0.,-0.));
#3551=AXIS2_PLACEMENT_3D('',#3548,#3549,#3550);
#3552=CYLINDRICAL_SURFACE('',#3551,0.5);
#3553=CARTESIAN_POINT('',(-223.98,-19.53,2.));
#3554=VERTEX_POINT('',#3553);
#3555=CARTESIAN_POINT('',(-223.98,-19.53,2.));
#3556=DIRECTION('',(-0.,-0.,1.));
#3557=VECTOR('',#3556,4.);
#3558=LINE('',#3555,#3557);
#3559=EDGE_CURVE('',#3554,#3258,#3558,.T.);
#3560=ORIENTED_EDGE('',*,*,#3559,.F.);
#3561=CARTESIAN_POINT('',(-223.98,-19.03,2.));
#3562=DIRECTION('',(-0.,-0.,-1.));
#3563=DIRECTION('',(1.,0.,-0.));
#3564=AXIS2_PLACEMENT_3D('',#3561,#3562,#3563);
#3565=CIRCLE('',#3564,0.5);
#3566=EDGE_CURVE('',#3554,#3523,#3565,.T.);
#3567=ORIENTED_EDGE('',*,*,#3566,.T.);
#3568=ORIENTED_EDGE('',*,*,#3528,.F.);
#3569=ORIENTED_EDGE('',*,*,#3272,.T.);
#3570=EDGE_LOOP('',(#3560,#3567,#3568,#3569));
#3571=FACE_BOUND('',#3570,.T.);
#3572=ADVANCED_FACE('',(#3571),#3552,.F.);
#3573=CARTESIAN_POINT('',(-223.98,-19.53,1.2));
#3574=DIRECTION('',(0.,1.,0.));
#3575=DIRECTION('',(1.,0.,0.));
#3576=AXIS2_PLACEMENT_3D('',#3573,#3574,#3575);
#3577=PLANE('',#3576);
#3578=CARTESIAN_POINT('',(-216.78,-19.53,2.));
#3579=VERTEX_POINT('',#3578);
#3580=CARTESIAN_POINT('',(-216.78,-19.53,6.));
#3581=DIRECTION('',(0.,0.,-1.));
#3582=VECTOR('',#3581,4.);
#3583=LINE('',#3580,#3582);
#3584=EDGE_CURVE('',#3249,#3579,#3583,.T.);
#3585=ORIENTED_EDGE('',*,*,#3584,.T.);
#3586=CARTESIAN_POINT('',(-216.78,-19.53,2.));
#3587=DIRECTION('',(-1.,0.,0.));
#3588=VECTOR('',#3587,7.2);
#3589=LINE('',#3586,#3588);
#3590=EDGE_CURVE('',#3579,#3554,#3589,.T.);
#3591=ORIENTED_EDGE('',*,*,#3590,.T.);
#3592=ORIENTED_EDGE('',*,*,#3559,.T.);
#3593=ORIENTED_EDGE('',*,*,#3263,.F.);
#3594=EDGE_LOOP('',(#3585,#3591,#3592,#3593));
#3595=FACE_BOUND('',#3594,.T.);
#3596=ADVANCED_FACE('',(#3595),#3577,.T.);
#3597=CARTESIAN_POINT('',(-216.78,-19.03,1.2));
#3598=DIRECTION('',(0.,0.,-1.));
#3599=DIRECTION('',(-1.,0.,-0.));
#3600=AXIS2_PLACEMENT_3D('',#3597,#3598,#3599);
#3601=CYLINDRICAL_SURFACE('',#3600,0.5);
#3602=CARTESIAN_POINT('',(-216.28,-19.03,2.));
#3603=VERTEX_POINT('',#3602);
#3604=CARTESIAN_POINT('',(-216.28,-19.03,2.));
#3605=DIRECTION('',(-0.,-0.,1.));
#3606=VECTOR('',#3605,4.);
#3607=LINE('',#3604,#3606);
#3608=EDGE_CURVE('',#3603,#3241,#3607,.T.);
#3609=ORIENTED_EDGE('',*,*,#3608,.F.);
#3610=CARTESIAN_POINT('',(-216.78,-19.03,2.));
#3611=DIRECTION('',(-0.,-0.,-1.));
#3612=DIRECTION('',(1.,0.,-0.));
#3613=AXIS2_PLACEMENT_3D('',#3610,#3611,#3612);
#3614=CIRCLE('',#3613,0.5);
#3615=EDGE_CURVE('',#3603,#3579,#3614,.T.);
#3616=ORIENTED_EDGE('',*,*,#3615,.T.);
#3617=ORIENTED_EDGE('',*,*,#3584,.F.);
#3618=ORIENTED_EDGE('',*,*,#3255,.T.);
#3619=EDGE_LOOP('',(#3609,#3616,#3617,#3618));
#3620=FACE_BOUND('',#3619,.T.);
#3621=ADVANCED_FACE('',(#3620),#3601,.F.);
#3622=CARTESIAN_POINT('',(-216.28,-19.03,1.2));
#3623=DIRECTION('',(-1.,0.,-0.));
#3624=DIRECTION('',(0.,1.,0.));
#3625=AXIS2_PLACEMENT_3D('',#3622,#3623,#3624);
#3626=PLANE('',#3625);
#3627=CARTESIAN_POINT('',(-216.28,-14.03,2.));
#3628=VERTEX_POINT('',#3627);
#3629=CARTESIAN_POINT('',(-216.28,-14.03,6.));
#3630=DIRECTION('',(0.,0.,-1.));
#3631=VECTOR('',#3630,4.);
#3632=LINE('',#3629,#3631);
#3633=EDGE_CURVE('',#3232,#3628,#3632,.T.);
#3634=ORIENTED_EDGE('',*,*,#3633,.T.);
#3635=CARTESIAN_POINT('',(-216.28,-14.03,2.));
#3636=DIRECTION('',(0.,-1.,0.));
#3637=VECTOR('',#3636,5.);
#3638=LINE('',#3635,#3637);
#3639=EDGE_CURVE('',#3628,#3603,#3638,.T.);
#3640=ORIENTED_EDGE('',*,*,#3639,.T.);
#3641=ORIENTED_EDGE('',*,*,#3608,.T.);
#3642=ORIENTED_EDGE('',*,*,#3246,.F.);
#3643=EDGE_LOOP('',(#3634,#3640,#3641,#3642));
#3644=FACE_BOUND('',#3643,.T.);
#3645=ADVANCED_FACE('',(#3644),#3626,.T.);
#3646=CARTESIAN_POINT('',(-216.78,-14.03,1.2));
#3647=DIRECTION('',(0.,0.,-1.));
#3648=DIRECTION('',(-1.,0.,-0.));
#3649=AXIS2_PLACEMENT_3D('',#3646,#3647,#3648);
#3650=CYLINDRICAL_SURFACE('',#3649,0.5);
#3651=CARTESIAN_POINT('',(-216.78,-13.53,2.));
#3652=VERTEX_POINT('',#3651);
#3653=CARTESIAN_POINT('',(-216.78,-13.53,2.));
#3654=DIRECTION('',(-0.,-0.,1.));
#3655=VECTOR('',#3654,4.);
#3656=LINE('',#3653,#3655);
#3657=EDGE_CURVE('',#3652,#3224,#3656,.T.);
#3658=ORIENTED_EDGE('',*,*,#3657,.F.);
#3659=CARTESIAN_POINT('',(-216.78,-14.03,2.));
#3660=DIRECTION('',(-0.,-0.,-1.));
#3661=DIRECTION('',(1.,0.,-0.));
#3662=AXIS2_PLACEMENT_3D('',#3659,#3660,#3661);
#3663=CIRCLE('',#3662,0.5);
#3664=EDGE_CURVE('',#3652,#3628,#3663,.T.);
#3665=ORIENTED_EDGE('',*,*,#3664,.T.);
#3666=ORIENTED_EDGE('',*,*,#3633,.F.);
#3667=ORIENTED_EDGE('',*,*,#3238,.T.);
#3668=EDGE_LOOP('',(#3658,#3665,#3666,#3667));
#3669=FACE_BOUND('',#3668,.T.);
#3670=ADVANCED_FACE('',(#3669),#3650,.F.);
#3671=CARTESIAN_POINT('',(-216.78,-13.53,1.2));
#3672=DIRECTION('',(0.,-1.,0.));
#3673=DIRECTION('',(-1.,0.,-0.));
#3674=AXIS2_PLACEMENT_3D('',#3671,#3672,#3673);
#3675=PLANE('',#3674);
#3676=CARTESIAN_POINT('',(-223.98,-13.53,2.));
#3677=VERTEX_POINT('',#3676);
#3678=CARTESIAN_POINT('',(-223.98,-13.53,6.));
#3679=DIRECTION('',(0.,0.,-1.));
#3680=VECTOR('',#3679,4.);
#3681=LINE('',#3678,#3680);
#3682=EDGE_CURVE('',#3213,#3677,#3681,.T.);
#3683=ORIENTED_EDGE('',*,*,#3682,.T.);
#3684=CARTESIAN_POINT('',(-223.98,-13.53,2.));
#3685=DIRECTION('',(1.,0.,-0.));
#3686=VECTOR('',#3685,7.2);
#3687=LINE('',#3684,#3686);
#3688=EDGE_CURVE('',#3677,#3652,#3687,.T.);
#3689=ORIENTED_EDGE('',*,*,#3688,.T.);
#3690=ORIENTED_EDGE('',*,*,#3657,.T.);
#3691=ORIENTED_EDGE('',*,*,#3229,.F.);
#3692=EDGE_LOOP('',(#3683,#3689,#3690,#3691));
#3693=FACE_BOUND('',#3692,.T.);
#3694=ADVANCED_FACE('',(#3693),#3675,.T.);
#3695=CARTESIAN_POINT('',(-223.98,-14.03,1.2));
#3696=DIRECTION('',(0.,0.,-1.));
#3697=DIRECTION('',(-1.,0.,-0.));
#3698=AXIS2_PLACEMENT_3D('',#3695,#3696,#3697);
#3699=CYLINDRICAL_SURFACE('',#3698,0.5);
#3700=ORIENTED_EDGE('',*,*,#3542,.F.);
#3701=CARTESIAN_POINT('',(-223.98,-14.03,2.));
#3702=DIRECTION('',(-0.,-0.,-1.));
#3703=DIRECTION('',(1.,0.,-0.));
#3704=AXIS2_PLACEMENT_3D('',#3701,#3702,#3703);
#3705=CIRCLE('',#3704,0.5);
#3706=EDGE_CURVE('',#3531,#3677,#3705,.T.);
#3707=ORIENTED_EDGE('',*,*,#3706,.T.);
#3708=ORIENTED_EDGE('',*,*,#3682,.F.);
#3709=ORIENTED_EDGE('',*,*,#3221,.T.);
#3710=EDGE_LOOP('',(#3700,#3707,#3708,#3709));
#3711=FACE_BOUND('',#3710,.T.);
#3712=ADVANCED_FACE('',(#3711),#3699,.F.);
#3713=CARTESIAN_POINT('',(-189.94,27.06,1.2));
#3714=DIRECTION('',(1.,0.,0.));
#3715=DIRECTION('',(0.,-1.,0.));
#3716=AXIS2_PLACEMENT_3D('',#3713,#3714,#3715);
#3717=PLANE('',#3716);
#3718=CARTESIAN_POINT('',(-189.94,21.39,2.));
#3719=VERTEX_POINT('',#3718);
#3720=CARTESIAN_POINT('',(-189.94,21.39,6.));
#3721=DIRECTION('',(0.,0.,-1.));
#3722=VECTOR('',#3721,4.);
#3723=LINE('',#3720,#3722);
#3724=EDGE_CURVE('',#3196,#3719,#3723,.T.);
#3725=ORIENTED_EDGE('',*,*,#3724,.T.);
#3726=CARTESIAN_POINT('',(-189.94,27.86,2.));
#3727=VERTEX_POINT('',#3726);
#3728=CARTESIAN_POINT('',(-189.94,21.39,2.));
#3729=DIRECTION('',(0.,1.,0.));
#3730=VECTOR('',#3729,6.47);
#3731=LINE('',#3728,#3730);
#3732=EDGE_CURVE('',#3719,#3727,#3731,.T.);
#3733=ORIENTED_EDGE('',*,*,#3732,.T.);
#3734=CARTESIAN_POINT('',(-189.94,27.86,2.));
#3735=DIRECTION('',(-0.,-0.,1.));
#3736=VECTOR('',#3735,4.);
#3737=LINE('',#3734,#3736);
#3738=EDGE_CURVE('',#3727,#3145,#3737,.T.);
#3739=ORIENTED_EDGE('',*,*,#3738,.T.);
#3740=ORIENTED_EDGE('',*,*,#3208,.F.);
#3741=EDGE_LOOP('',(#3725,#3733,#3739,#3740));
#3742=FACE_BOUND('',#3741,.T.);
#3743=ADVANCED_FACE('',(#3742),#3717,.T.);
#3744=CARTESIAN_POINT('',(-189.44,21.39,-1.4072));
#3745=DIRECTION('',(-0.,0.,1.));
#3746=DIRECTION('',(-1.,0.,-0.));
#3747=AXIS2_PLACEMENT_3D('',#3744,#3745,#3746);
#3748=CYLINDRICAL_SURFACE('',#3747,0.5);
#3749=CARTESIAN_POINT('',(-189.44,20.89,2.));
#3750=VERTEX_POINT('',#3749);
#3751=CARTESIAN_POINT('',(-189.44,20.89,2.));
#3752=DIRECTION('',(-0.,-0.,1.));
#3753=VECTOR('',#3752,4.);
#3754=LINE('',#3751,#3753);
#3755=EDGE_CURVE('',#3750,#3188,#3754,.T.);
#3756=ORIENTED_EDGE('',*,*,#3755,.F.);
#3757=CARTESIAN_POINT('',(-189.44,21.39,2.));
#3758=DIRECTION('',(-0.,-0.,-1.));
#3759=DIRECTION('',(1.,0.,-0.));
#3760=AXIS2_PLACEMENT_3D('',#3757,#3758,#3759);
#3761=CIRCLE('',#3760,0.5);
#3762=EDGE_CURVE('',#3750,#3719,#3761,.T.);
#3763=ORIENTED_EDGE('',*,*,#3762,.T.);
#3764=ORIENTED_EDGE('',*,*,#3724,.F.);
#3765=ORIENTED_EDGE('',*,*,#3202,.T.);
#3766=EDGE_LOOP('',(#3756,#3763,#3764,#3765));
#3767=FACE_BOUND('',#3766,.T.);
#3768=ADVANCED_FACE('',(#3767),#3748,.F.);
#3769=CARTESIAN_POINT('',(-189.94,20.89,1.2));
#3770=DIRECTION('',(0.,1.,0.));
#3771=DIRECTION('',(1.,0.,0.));
#3772=AXIS2_PLACEMENT_3D('',#3769,#3770,#3771);
#3773=PLANE('',#3772);
#3774=CARTESIAN_POINT('',(-177.24,20.89,2.));
#3775=VERTEX_POINT('',#3774);
#3776=CARTESIAN_POINT('',(-177.24,20.89,6.));
#3777=DIRECTION('',(0.,0.,-1.));
#3778=VECTOR('',#3777,4.);
#3779=LINE('',#3776,#3778);
#3780=EDGE_CURVE('',#3179,#3775,#3779,.T.);
#3781=ORIENTED_EDGE('',*,*,#3780,.T.);
#3782=CARTESIAN_POINT('',(-177.24,20.89,2.));
#3783=DIRECTION('',(-1.,0.,0.));
#3784=VECTOR('',#3783,12.2);
#3785=LINE('',#3782,#3784);
#3786=EDGE_CURVE('',#3775,#3750,#3785,.T.);
#3787=ORIENTED_EDGE('',*,*,#3786,.T.);
#3788=ORIENTED_EDGE('',*,*,#3755,.T.);
#3789=ORIENTED_EDGE('',*,*,#3193,.F.);
#3790=EDGE_LOOP('',(#3781,#3787,#3788,#3789));
#3791=FACE_BOUND('',#3790,.T.);
#3792=ADVANCED_FACE('',(#3791),#3773,.T.);
#3793=CARTESIAN_POINT('',(-177.24,21.39,5.8072));
#3794=DIRECTION('',(0.,0.,-1.));
#3795=DIRECTION('',(1.,0.,0.));
#3796=AXIS2_PLACEMENT_3D('',#3793,#3794,#3795);
#3797=CYLINDRICAL_SURFACE('',#3796,0.5);
#3798=CARTESIAN_POINT('',(-176.74,21.39,2.));
#3799=VERTEX_POINT('',#3798);
#3800=CARTESIAN_POINT('',(-176.74,21.39,2.));
#3801=DIRECTION('',(-0.,-0.,1.));
#3802=VECTOR('',#3801,4.);
#3803=LINE('',#3800,#3802);
#3804=EDGE_CURVE('',#3799,#3171,#3803,.T.);
#3805=ORIENTED_EDGE('',*,*,#3804,.F.);
#3806=CARTESIAN_POINT('',(-177.24,21.39,2.));
#3807=DIRECTION('',(-0.,-0.,-1.));
#3808=DIRECTION('',(1.,0.,-0.));
#3809=AXIS2_PLACEMENT_3D('',#3806,#3807,#3808);
#3810=CIRCLE('',#3809,0.5);
#3811=EDGE_CURVE('',#3799,#3775,#3810,.T.);
#3812=ORIENTED_EDGE('',*,*,#3811,.T.);
#3813=ORIENTED_EDGE('',*,*,#3780,.F.);
#3814=ORIENTED_EDGE('',*,*,#3185,.T.);
#3815=EDGE_LOOP('',(#3805,#3812,#3813,#3814));
#3816=FACE_BOUND('',#3815,.T.);
#3817=ADVANCED_FACE('',(#3816),#3797,.F.);
#3818=CARTESIAN_POINT('',(-176.74,20.39,1.2));
#3819=DIRECTION('',(-1.,-0.,-0.));
#3820=DIRECTION('',(-0.,1.,-0.));
#3821=AXIS2_PLACEMENT_3D('',#3818,#3819,#3820);
#3822=PLANE('',#3821);
#3823=CARTESIAN_POINT('',(-176.74,27.86,2.));
#3824=VERTEX_POINT('',#3823);
#3825=CARTESIAN_POINT('',(-176.74,27.86,6.));
#3826=DIRECTION('',(0.,0.,-1.));
#3827=VECTOR('',#3826,4.);
#3828=LINE('',#3825,#3827);
#3829=EDGE_CURVE('',#3162,#3824,#3828,.T.);
#3830=ORIENTED_EDGE('',*,*,#3829,.T.);
#3831=CARTESIAN_POINT('',(-176.74,27.86,2.));
#3832=DIRECTION('',(0.,-1.,0.));
#3833=VECTOR('',#3832,6.47);
#3834=LINE('',#3831,#3833);
#3835=EDGE_CURVE('',#3824,#3799,#3834,.T.);
#3836=ORIENTED_EDGE('',*,*,#3835,.T.);
#3837=ORIENTED_EDGE('',*,*,#3804,.T.);
#3838=ORIENTED_EDGE('',*,*,#3176,.F.);
#3839=EDGE_LOOP('',(#3830,#3836,#3837,#3838));
#3840=FACE_BOUND('',#3839,.T.);
#3841=ADVANCED_FACE('',(#3840),#3822,.T.);
#3842=CARTESIAN_POINT('',(-177.24,27.86,1.2));
#3843=DIRECTION('',(0.,0.,-1.));
#3844=DIRECTION('',(-1.,0.,-0.));
#3845=AXIS2_PLACEMENT_3D('',#3842,#3843,#3844);
#3846=CYLINDRICAL_SURFACE('',#3845,0.5);
#3847=CARTESIAN_POINT('',(-177.24,28.36,2.));
#3848=VERTEX_POINT('',#3847);
#3849=CARTESIAN_POINT('',(-177.24,28.36,2.));
#3850=DIRECTION('',(-0.,-0.,1.));
#3851=VECTOR('',#3850,4.);
#3852=LINE('',#3849,#3851);
#3853=EDGE_CURVE('',#3848,#3154,#3852,.T.);
#3854=ORIENTED_EDGE('',*,*,#3853,.F.);
#3855=CARTESIAN_POINT('',(-177.24,27.86,2.));
#3856=DIRECTION('',(-0.,-0.,-1.));
#3857=DIRECTION('',(1.,0.,-0.));
#3858=AXIS2_PLACEMENT_3D('',#3855,#3856,#3857);
#3859=CIRCLE('',#3858,0.5);
#3860=EDGE_CURVE('',#3848,#3824,#3859,.T.);
#3861=ORIENTED_EDGE('',*,*,#3860,.T.);
#3862=ORIENTED_EDGE('',*,*,#3829,.F.);
#3863=ORIENTED_EDGE('',*,*,#3168,.T.);
#3864=EDGE_LOOP('',(#3854,#3861,#3862,#3863));
#3865=FACE_BOUND('',#3864,.T.);
#3866=ADVANCED_FACE('',(#3865),#3846,.F.);
#3867=CARTESIAN_POINT('',(-177.24,28.36,1.2));
#3868=DIRECTION('',(0.,-1.,0.));
#3869=DIRECTION('',(-1.,0.,-0.));
#3870=AXIS2_PLACEMENT_3D('',#3867,#3868,#3869);
#3871=PLANE('',#3870);
#3872=CARTESIAN_POINT('',(-189.44,28.36,2.));
#3873=VERTEX_POINT('',#3872);
#3874=CARTESIAN_POINT('',(-189.44,28.36,6.));
#3875=DIRECTION('',(0.,0.,-1.));
#3876=VECTOR('',#3875,4.);
#3877=LINE('',#3874,#3876);
#3878=EDGE_CURVE('',#3143,#3873,#3877,.T.);
#3879=ORIENTED_EDGE('',*,*,#3878,.T.);
#3880=CARTESIAN_POINT('',(-189.44,28.36,2.));
#3881=DIRECTION('',(1.,0.,-0.));
#3882=VECTOR('',#3881,12.2);
#3883=LINE('',#3880,#3882);
#3884=EDGE_CURVE('',#3873,#3848,#3883,.T.);
#3885=ORIENTED_EDGE('',*,*,#3884,.T.);
#3886=ORIENTED_EDGE('',*,*,#3853,.T.);
#3887=ORIENTED_EDGE('',*,*,#3159,.F.);
#3888=EDGE_LOOP('',(#3879,#3885,#3886,#3887));
#3889=FACE_BOUND('',#3888,.T.);
#3890=ADVANCED_FACE('',(#3889),#3871,.T.);
#3891=CARTESIAN_POINT('',(-189.44,27.86,1.2));
#3892=DIRECTION('',(0.,0.,-1.));
#3893=DIRECTION('',(-1.,0.,-0.));
#3894=AXIS2_PLACEMENT_3D('',#3891,#3892,#3893);
#3895=CYLINDRICAL_SURFACE('',#3894,0.5);
#3896=ORIENTED_EDGE('',*,*,#3738,.F.);
#3897=CARTESIAN_POINT('',(-189.44,27.86,2.));
#3898=DIRECTION('',(-0.,-0.,-1.));
#3899=DIRECTION('',(1.,0.,-0.));
#3900=AXIS2_PLACEMENT_3D('',#3897,#3898,#3899);
#3901=CIRCLE('',#3900,0.5);
#3902=EDGE_CURVE('',#3727,#3873,#3901,.T.);
#3903=ORIENTED_EDGE('',*,*,#3902,.T.);
#3904=ORIENTED_EDGE('',*,*,#3878,.F.);
#3905=ORIENTED_EDGE('',*,*,#3151,.T.);
#3906=EDGE_LOOP('',(#3896,#3903,#3904,#3905));
#3907=FACE_BOUND('',#3906,.T.);
#3908=ADVANCED_FACE('',(#3907),#3895,.F.);
#3909=CARTESIAN_POINT('',(-212.1887,-26.5587,1.2));
#3910=DIRECTION('',(0.,1.,0.));
#3911=DIRECTION('',(1.,0.,0.));
#3912=AXIS2_PLACEMENT_3D('',#3909,#3910,#3911);
#3913=PLANE('',#3912);
#3914=CARTESIAN_POINT('',(-203.6887,-26.5587,2.));
#3915=VERTEX_POINT('',#3914);
#3916=CARTESIAN_POINT('',(-203.6887,-26.5587,6.));
#3917=DIRECTION('',(0.,0.,-1.));
#3918=VECTOR('',#3917,4.);
#3919=LINE('',#3916,#3918);
#3920=EDGE_CURVE('',#3126,#3915,#3919,.T.);
#3921=ORIENTED_EDGE('',*,*,#3920,.T.);
#3922=CARTESIAN_POINT('',(-211.6887,-26.5587,2.));
#3923=VERTEX_POINT('',#3922);
#3924=CARTESIAN_POINT('',(-203.6887,-26.5587,2.));
#3925=DIRECTION('',(-1.,0.,0.));
#3926=VECTOR('',#3925,8.);
#3927=LINE('',#3924,#3926);
#3928=EDGE_CURVE('',#3915,#3923,#3927,.T.);
#3929=ORIENTED_EDGE('',*,*,#3928,.T.);
#3930=CARTESIAN_POINT('',(-211.6887,-26.5587,2.));
#3931=DIRECTION('',(-0.,-0.,1.));
#3932=VECTOR('',#3931,4.);
#3933=LINE('',#3930,#3932);
#3934=EDGE_CURVE('',#3923,#3075,#3933,.T.);
#3935=ORIENTED_EDGE('',*,*,#3934,.T.);
#3936=ORIENTED_EDGE('',*,*,#3138,.F.);
#3937=EDGE_LOOP('',(#3921,#3929,#3935,#3936));
#3938=FACE_BOUND('',#3937,.T.);
#3939=ADVANCED_FACE('',(#3938),#3913,.T.);
#3940=CARTESIAN_POINT('',(-211.6887,-26.0587,-1.4072));
#3941=DIRECTION('',(-0.,0.,1.));
#3942=DIRECTION('',(-1.,0.,-0.));
#3943=AXIS2_PLACEMENT_3D('',#3940,#3941,#3942);
#3944=CYLINDRICAL_SURFACE('',#3943,0.5);
#3945=ORIENTED_EDGE('',*,*,#3934,.F.);
#3946=CARTESIAN_POINT('',(-212.1887,-26.0587,2.));
#3947=VERTEX_POINT('',#3946);
#3948=CARTESIAN_POINT('',(-211.6887,-26.0587,2.));
#3949=DIRECTION('',(-0.,-0.,-1.));
#3950=DIRECTION('',(1.,0.,-0.));
#3951=AXIS2_PLACEMENT_3D('',#3948,#3949,#3950);
#3952=CIRCLE('',#3951,0.5);
#3953=EDGE_CURVE('',#3923,#3947,#3952,.T.);
#3954=ORIENTED_EDGE('',*,*,#3953,.T.);
#3955=CARTESIAN_POINT('',(-212.1887,-26.0587,6.));
#3956=DIRECTION('',(0.,0.,-1.));
#3957=VECTOR('',#3956,4.);
#3958=LINE('',#3955,#3957);
#3959=EDGE_CURVE('',#3073,#3947,#3958,.T.);
#3960=ORIENTED_EDGE('',*,*,#3959,.F.);
#3961=ORIENTED_EDGE('',*,*,#3081,.T.);
#3962=EDGE_LOOP('',(#3945,#3954,#3960,#3961));
#3963=FACE_BOUND('',#3962,.T.);
#3964=ADVANCED_FACE('',(#3963),#3944,.F.);
#3965=CARTESIAN_POINT('',(-212.1887,-20.1318,1.2));
#3966=DIRECTION('',(1.,0.,0.));
#3967=DIRECTION('',(0.,-1.,0.));
#3968=AXIS2_PLACEMENT_3D('',#3965,#3966,#3967);
#3969=PLANE('',#3968);
#3970=ORIENTED_EDGE('',*,*,#3959,.T.);
#3971=CARTESIAN_POINT('',(-212.1887,-19.0318,2.));
#3972=VERTEX_POINT('',#3971);
#3973=CARTESIAN_POINT('',(-212.1887,-26.0587,2.));
#3974=DIRECTION('',(0.,1.,0.));
#3975=VECTOR('',#3974,7.0269);
#3976=LINE('',#3973,#3975);
#3977=EDGE_CURVE('',#3947,#3972,#3976,.T.);
#3978=ORIENTED_EDGE('',*,*,#3977,.T.);
#3979=CARTESIAN_POINT('',(-212.1887,-19.0318,2.));
#3980=DIRECTION('',(-0.,-0.,1.));
#3981=VECTOR('',#3980,4.);
#3982=LINE('',#3979,#3981);
#3983=EDGE_CURVE('',#3972,#3084,#3982,.T.);
#3984=ORIENTED_EDGE('',*,*,#3983,.T.);
#3985=ORIENTED_EDGE('',*,*,#3089,.F.);
#3986=EDGE_LOOP('',(#3970,#3978,#3984,#3985));
#3987=FACE_BOUND('',#3986,.T.);
#3988=ADVANCED_FACE('',(#3987),#3969,.T.);
#3989=CARTESIAN_POINT('',(-211.6887,-19.0318,1.2));
#3990=DIRECTION('',(0.,0.,-1.));
#3991=DIRECTION('',(-1.,0.,-0.));
#3992=AXIS2_PLACEMENT_3D('',#3989,#3990,#3991);
#3993=CYLINDRICAL_SURFACE('',#3992,0.5);
#3994=ORIENTED_EDGE('',*,*,#3983,.F.);
#3995=CARTESIAN_POINT('',(-211.6887,-18.5318,2.));
#3996=VERTEX_POINT('',#3995);
#3997=CARTESIAN_POINT('',(-211.6887,-19.0318,2.));
#3998=DIRECTION('',(-0.,-0.,-1.));
#3999=DIRECTION('',(1.,0.,-0.));
#4000=AXIS2_PLACEMENT_3D('',#3997,#3998,#3999);
#4001=CIRCLE('',#4000,0.5);
#4002=EDGE_CURVE('',#3972,#3996,#4001,.T.);
#4003=ORIENTED_EDGE('',*,*,#4002,.T.);
#4004=CARTESIAN_POINT('',(-211.6887,-18.5318,6.));
#4005=DIRECTION('',(0.,0.,-1.));
#4006=VECTOR('',#4005,4.);
#4007=LINE('',#4004,#4006);
#4008=EDGE_CURVE('',#3092,#3996,#4007,.T.);
#4009=ORIENTED_EDGE('',*,*,#4008,.F.);
#4010=ORIENTED_EDGE('',*,*,#3098,.T.);
#4011=EDGE_LOOP('',(#3994,#4003,#4009,#4010));
#4012=FACE_BOUND('',#4011,.T.);
#4013=ADVANCED_FACE('',(#4012),#3993,.F.);
#4014=CARTESIAN_POINT('',(-203.6887,-18.5318,1.2));
#4015=DIRECTION('',(0.,-1.,0.));
#4016=DIRECTION('',(-1.,0.,-0.));
#4017=AXIS2_PLACEMENT_3D('',#4014,#4015,#4016);
#4018=PLANE('',#4017);
#4019=ORIENTED_EDGE('',*,*,#4008,.T.);
#4020=CARTESIAN_POINT('',(-203.6887,-18.5318,2.));
#4021=VERTEX_POINT('',#4020);
#4022=CARTESIAN_POINT('',(-211.6887,-18.5318,2.));
#4023=DIRECTION('',(1.,0.,-0.));
#4024=VECTOR('',#4023,8.);
#4025=LINE('',#4022,#4024);
#4026=EDGE_CURVE('',#3996,#4021,#4025,.T.);
#4027=ORIENTED_EDGE('',*,*,#4026,.T.);
#4028=CARTESIAN_POINT('',(-203.6887,-18.5318,2.));
#4029=DIRECTION('',(-0.,-0.,1.));
#4030=VECTOR('',#4029,4.);
#4031=LINE('',#4028,#4030);
#4032=EDGE_CURVE('',#4021,#3101,#4031,.T.);
#4033=ORIENTED_EDGE('',*,*,#4032,.T.);
#4034=ORIENTED_EDGE('',*,*,#3106,.F.);
#4035=EDGE_LOOP('',(#4019,#4027,#4033,#4034));
#4036=FACE_BOUND('',#4035,.T.);
#4037=ADVANCED_FACE('',(#4036),#4018,.T.);
#4038=CARTESIAN_POINT('',(-203.6887,-19.0318,1.2));
#4039=DIRECTION('',(0.,0.,-1.));
#4040=DIRECTION('',(-1.,0.,-0.));
#4041=AXIS2_PLACEMENT_3D('',#4038,#4039,#4040);
#4042=CYLINDRICAL_SURFACE('',#4041,0.5);
#4043=ORIENTED_EDGE('',*,*,#4032,.F.);
#4044=CARTESIAN_POINT('',(-203.1887,-19.0318,2.));
#4045=VERTEX_POINT('',#4044);
#4046=CARTESIAN_POINT('',(-203.6887,-19.0318,2.));
#4047=DIRECTION('',(-0.,-0.,-1.));
#4048=DIRECTION('',(1.,0.,-0.));
#4049=AXIS2_PLACEMENT_3D('',#4046,#4047,#4048);
#4050=CIRCLE('',#4049,0.5);
#4051=EDGE_CURVE('',#4021,#4045,#4050,.T.);
#4052=ORIENTED_EDGE('',*,*,#4051,.T.);
#4053=CARTESIAN_POINT('',(-203.1887,-19.0318,6.));
#4054=DIRECTION('',(0.,0.,-1.));
#4055=VECTOR('',#4054,4.);
#4056=LINE('',#4053,#4055);
#4057=EDGE_CURVE('',#3109,#4045,#4056,.T.);
#4058=ORIENTED_EDGE('',*,*,#4057,.F.);
#4059=ORIENTED_EDGE('',*,*,#3115,.T.);
#4060=EDGE_LOOP('',(#4043,#4052,#4058,#4059));
#4061=FACE_BOUND('',#4060,.T.);
#4062=ADVANCED_FACE('',(#4061),#4042,.F.);
#4063=CARTESIAN_POINT('',(-203.1887,-28.0587,1.2));
#4064=DIRECTION('',(-1.,0.,-0.));
#4065=DIRECTION('',(0.,1.,0.));
#4066=AXIS2_PLACEMENT_3D('',#4063,#4064,#4065);
#4067=PLANE('',#4066);
#4068=ORIENTED_EDGE('',*,*,#4057,.T.);
#4069=CARTESIAN_POINT('',(-203.1887,-26.0587,2.));
#4070=VERTEX_POINT('',#4069);
#4071=CARTESIAN_POINT('',(-203.1887,-19.0318,2.));
#4072=DIRECTION('',(0.,-1.,0.));
#4073=VECTOR('',#4072,7.0269);
#4074=LINE('',#4071,#4073);
#4075=EDGE_CURVE('',#4045,#4070,#4074,.T.);
#4076=ORIENTED_EDGE('',*,*,#4075,.T.);
#4077=CARTESIAN_POINT('',(-203.1887,-26.0587,2.));
#4078=DIRECTION('',(-0.,-0.,1.));
#4079=VECTOR('',#4078,4.);
#4080=LINE('',#4077,#4079);
#4081=EDGE_CURVE('',#4070,#3118,#4080,.T.);
#4082=ORIENTED_EDGE('',*,*,#4081,.T.);
#4083=ORIENTED_EDGE('',*,*,#3123,.F.);
#4084=EDGE_LOOP('',(#4068,#4076,#4082,#4083));
#4085=FACE_BOUND('',#4084,.T.);
#4086=ADVANCED_FACE('',(#4085),#4067,.T.);
#4087=CARTESIAN_POINT('',(-203.6887,-26.0587,5.8072));
#4088=DIRECTION('',(0.,0.,-1.));
#4089=DIRECTION('',(1.,0.,0.));
#4090=AXIS2_PLACEMENT_3D('',#4087,#4088,#4089);
#4091=CYLINDRICAL_SURFACE('',#4090,0.5);
#4092=ORIENTED_EDGE('',*,*,#4081,.F.);
#4093=CARTESIAN_POINT('',(-203.6887,-26.0587,2.));
#4094=DIRECTION('',(-0.,-0.,-1.));
#4095=DIRECTION('',(1.,0.,-0.));
#4096=AXIS2_PLACEMENT_3D('',#4093,#4094,#4095);
#4097=CIRCLE('',#4096,0.5);
#4098=EDGE_CURVE('',#4070,#3915,#4097,.T.);
#4099=ORIENTED_EDGE('',*,*,#4098,.T.);
#4100=ORIENTED_EDGE('',*,*,#3920,.F.);
#4101=ORIENTED_EDGE('',*,*,#3132,.T.);
#4102=EDGE_LOOP('',(#4092,#4099,#4100,#4101));
#4103=FACE_BOUND('',#4102,.T.);
#4104=ADVANCED_FACE('',(#4103),#4091,.F.);
#4105=CARTESIAN_POINT('',(-226.6,-20.115,1.2));
#4106=DIRECTION('',(0.,-1.,0.));
#4107=DIRECTION('',(-1.,0.,-0.));
#4108=AXIS2_PLACEMENT_3D('',#4105,#4106,#4107);
#4109=PLANE('',#4108);
#4110=CARTESIAN_POINT('',(-242.1,-20.115,2.));
#4111=VERTEX_POINT('',#4110);
#4112=CARTESIAN_POINT('',(-242.1,-20.115,6.));
#4113=DIRECTION('',(0.,0.,-1.));
#4114=VECTOR('',#4113,4.);
#4115=LINE('',#4112,#4114);
#4116=EDGE_CURVE('',#3056,#4111,#4115,.T.);
#4117=ORIENTED_EDGE('',*,*,#4116,.T.);
#4118=CARTESIAN_POINT('',(-227.1,-20.115,2.));
#4119=VERTEX_POINT('',#4118);
#4120=CARTESIAN_POINT('',(-242.1,-20.115,2.));
#4121=DIRECTION('',(1.,0.,-0.));
#4122=VECTOR('',#4121,15.);
#4123=LINE('',#4120,#4122);
#4124=EDGE_CURVE('',#4111,#4119,#4123,.T.);
#4125=ORIENTED_EDGE('',*,*,#4124,.T.);
#4126=CARTESIAN_POINT('',(-227.1,-20.115,2.));
#4127=DIRECTION('',(-0.,-0.,1.));
#4128=VECTOR('',#4127,4.);
#4129=LINE('',#4126,#4128);
#4130=EDGE_CURVE('',#4119,#3005,#4129,.T.);
#4131=ORIENTED_EDGE('',*,*,#4130,.T.);
#4132=ORIENTED_EDGE('',*,*,#3068,.F.);
#4133=EDGE_LOOP('',(#4117,#4125,#4131,#4132));
#4134=FACE_BOUND('',#4133,.T.);
#4135=ADVANCED_FACE('',(#4134),#4109,.T.);
#4136=CARTESIAN_POINT('',(-242.1,-20.615,5.8072));
#4137=DIRECTION('',(0.,0.,-1.));
#4138=DIRECTION('',(-1.,0.,-0.));
#4139=AXIS2_PLACEMENT_3D('',#4136,#4137,#4138);
#4140=CYLINDRICAL_SURFACE('',#4139,0.5);
#4141=CARTESIAN_POINT('',(-242.6,-20.615,2.));
#4142=VERTEX_POINT('',#4141);
#4143=CARTESIAN_POINT('',(-242.6,-20.615,2.));
#4144=DIRECTION('',(-0.,-0.,1.));
#4145=VECTOR('',#4144,4.);
#4146=LINE('',#4143,#4145);
#4147=EDGE_CURVE('',#4142,#3048,#4146,.T.);
#4148=ORIENTED_EDGE('',*,*,#4147,.F.);
#4149=CARTESIAN_POINT('',(-242.1,-20.615,2.));
#4150=DIRECTION('',(-0.,-0.,-1.));
#4151=DIRECTION('',(1.,0.,-0.));
#4152=AXIS2_PLACEMENT_3D('',#4149,#4150,#4151);
#4153=CIRCLE('',#4152,0.5);
#4154=EDGE_CURVE('',#4142,#4111,#4153,.T.);
#4155=ORIENTED_EDGE('',*,*,#4154,.T.);
#4156=ORIENTED_EDGE('',*,*,#4116,.F.);
#4157=ORIENTED_EDGE('',*,*,#3062,.T.);
#4158=EDGE_LOOP('',(#4148,#4155,#4156,#4157));
#4159=FACE_BOUND('',#4158,.T.);
#4160=ADVANCED_FACE('',(#4159),#4140,.F.);
#4161=CARTESIAN_POINT('',(-242.6,-18.915,1.2));
#4162=DIRECTION('',(1.,0.,0.));
#4163=DIRECTION('',(0.,-1.,0.));
#4164=AXIS2_PLACEMENT_3D('',#4161,#4162,#4163);
#4165=PLANE('',#4164);
#4166=CARTESIAN_POINT('',(-242.6,-27.94,2.));
#4167=VERTEX_POINT('',#4166);
#4168=CARTESIAN_POINT('',(-242.6,-27.94,6.));
#4169=DIRECTION('',(0.,0.,-1.));
#4170=VECTOR('',#4169,4.);
#4171=LINE('',#4168,#4170);
#4172=EDGE_CURVE('',#3039,#4167,#4171,.T.);
#4173=ORIENTED_EDGE('',*,*,#4172,.T.);
#4174=CARTESIAN_POINT('',(-242.6,-27.94,2.));
#4175=DIRECTION('',(0.,1.,0.));
#4176=VECTOR('',#4175,7.325);
#4177=LINE('',#4174,#4176);
#4178=EDGE_CURVE('',#4167,#4142,#4177,.T.);
#4179=ORIENTED_EDGE('',*,*,#4178,.T.);
#4180=ORIENTED_EDGE('',*,*,#4147,.T.);
#4181=ORIENTED_EDGE('',*,*,#3053,.F.);
#4182=EDGE_LOOP('',(#4173,#4179,#4180,#4181));
#4183=FACE_BOUND('',#4182,.T.);
#4184=ADVANCED_FACE('',(#4183),#4165,.T.);
#4185=CARTESIAN_POINT('',(-242.1,-27.94,1.2));
#4186=DIRECTION('',(0.,0.,-1.));
#4187=DIRECTION('',(-1.,0.,-0.));
#4188=AXIS2_PLACEMENT_3D('',#4185,#4186,#4187);
#4189=CYLINDRICAL_SURFACE('',#4188,0.5);
#4190=CARTESIAN_POINT('',(-242.1,-28.44,2.));
#4191=VERTEX_POINT('',#4190);
#4192=CARTESIAN_POINT('',(-242.1,-28.44,2.));
#4193=DIRECTION('',(-0.,-0.,1.));
#4194=VECTOR('',#4193,4.);
#4195=LINE('',#4192,#4194);
#4196=EDGE_CURVE('',#4191,#3031,#4195,.T.);
#4197=ORIENTED_EDGE('',*,*,#4196,.F.);
#4198=CARTESIAN_POINT('',(-242.1,-27.94,2.));
#4199=DIRECTION('',(-0.,-0.,-1.));
#4200=DIRECTION('',(1.,0.,-0.));
#4201=AXIS2_PLACEMENT_3D('',#4198,#4199,#4200);
#4202=CIRCLE('',#4201,0.5);
#4203=EDGE_CURVE('',#4191,#4167,#4202,.T.);
#4204=ORIENTED_EDGE('',*,*,#4203,.T.);
#4205=ORIENTED_EDGE('',*,*,#4172,.F.);
#4206=ORIENTED_EDGE('',*,*,#3045,.T.);
#4207=EDGE_LOOP('',(#4197,#4204,#4205,#4206));
#4208=FACE_BOUND('',#4207,.T.);
#4209=ADVANCED_FACE('',(#4208),#4189,.F.);
#4210=CARTESIAN_POINT('',(-242.1,-28.44,1.2));
#4211=DIRECTION('',(0.,1.,0.));
#4212=DIRECTION('',(1.,0.,0.));
#4213=AXIS2_PLACEMENT_3D('',#4210,#4211,#4212);
#4214=PLANE('',#4213);
#4215=CARTESIAN_POINT('',(-227.1,-28.44,2.));
#4216=VERTEX_POINT('',#4215);
#4217=CARTESIAN_POINT('',(-227.1,-28.44,6.));
#4218=DIRECTION('',(0.,0.,-1.));
#4219=VECTOR('',#4218,4.);
#4220=LINE('',#4217,#4219);
#4221=EDGE_CURVE('',#3022,#4216,#4220,.T.);
#4222=ORIENTED_EDGE('',*,*,#4221,.T.);
#4223=CARTESIAN_POINT('',(-227.1,-28.44,2.));
#4224=DIRECTION('',(-1.,0.,0.));
#4225=VECTOR('',#4224,15.);
#4226=LINE('',#4223,#4225);
#4227=EDGE_CURVE('',#4216,#4191,#4226,.T.);
#4228=ORIENTED_EDGE('',*,*,#4227,.T.);
#4229=ORIENTED_EDGE('',*,*,#4196,.T.);
#4230=ORIENTED_EDGE('',*,*,#3036,.F.);
#4231=EDGE_LOOP('',(#4222,#4228,#4229,#4230));
#4232=FACE_BOUND('',#4231,.T.);
#4233=ADVANCED_FACE('',(#4232),#4214,.T.);
#4234=CARTESIAN_POINT('',(-227.1,-27.94,1.2));
#4235=DIRECTION('',(0.,0.,-1.));
#4236=DIRECTION('',(-1.,0.,-0.));
#4237=AXIS2_PLACEMENT_3D('',#4234,#4235,#4236);
#4238=CYLINDRICAL_SURFACE('',#4237,0.5);
#4239=CARTESIAN_POINT('',(-226.6,-27.94,2.));
#4240=VERTEX_POINT('',#4239);
#4241=CARTESIAN_POINT('',(-226.6,-27.94,2.));
#4242=DIRECTION('',(-0.,-0.,1.));
#4243=VECTOR('',#4242,4.);
#4244=LINE('',#4241,#4243);
#4245=EDGE_CURVE('',#4240,#3014,#4244,.T.);
#4246=ORIENTED_EDGE('',*,*,#4245,.F.);
#4247=CARTESIAN_POINT('',(-227.1,-27.94,2.));
#4248=DIRECTION('',(-0.,-0.,-1.));
#4249=DIRECTION('',(1.,0.,-0.));
#4250=AXIS2_PLACEMENT_3D('',#4247,#4248,#4249);
#4251=CIRCLE('',#4250,0.5);
#4252=EDGE_CURVE('',#4240,#4216,#4251,.T.);
#4253=ORIENTED_EDGE('',*,*,#4252,.T.);
#4254=ORIENTED_EDGE('',*,*,#4221,.F.);
#4255=ORIENTED_EDGE('',*,*,#3028,.T.);
#4256=EDGE_LOOP('',(#4246,#4253,#4254,#4255));
#4257=FACE_BOUND('',#4256,.T.);
#4258=ADVANCED_FACE('',(#4257),#4238,.F.);
#4259=CARTESIAN_POINT('',(-226.6,-27.94,1.2));
#4260=DIRECTION('',(-1.,0.,-0.));
#4261=DIRECTION('',(0.,1.,0.));
#4262=AXIS2_PLACEMENT_3D('',#4259,#4260,#4261);
#4263=PLANE('',#4262);
#4264=CARTESIAN_POINT('',(-226.6,-20.615,2.));
#4265=VERTEX_POINT('',#4264);
#4266=CARTESIAN_POINT('',(-226.6,-20.615,6.));
#4267=DIRECTION('',(0.,0.,-1.));
#4268=VECTOR('',#4267,4.);
#4269=LINE('',#4266,#4268);
#4270=EDGE_CURVE('',#3003,#4265,#4269,.T.);
#4271=ORIENTED_EDGE('',*,*,#4270,.T.);
#4272=CARTESIAN_POINT('',(-226.6,-20.615,2.));
#4273=DIRECTION('',(0.,-1.,0.));
#4274=VECTOR('',#4273,7.325);
#4275=LINE('',#4272,#4274);
#4276=EDGE_CURVE('',#4265,#4240,#4275,.T.);
#4277=ORIENTED_EDGE('',*,*,#4276,.T.);
#4278=ORIENTED_EDGE('',*,*,#4245,.T.);
#4279=ORIENTED_EDGE('',*,*,#3019,.F.);
#4280=EDGE_LOOP('',(#4271,#4277,#4278,#4279));
#4281=FACE_BOUND('',#4280,.T.);
#4282=ADVANCED_FACE('',(#4281),#4263,.T.);
#4283=CARTESIAN_POINT('',(-227.1,-20.615,-1.4072));
#4284=DIRECTION('',(-0.,0.,1.));
#4285=DIRECTION('',(1.,0.,0.));
#4286=AXIS2_PLACEMENT_3D('',#4283,#4284,#4285);
#4287=CYLINDRICAL_SURFACE('',#4286,0.5);
#4288=ORIENTED_EDGE('',*,*,#4130,.F.);
#4289=CARTESIAN_POINT('',(-227.1,-20.615,2.));
#4290=DIRECTION('',(-0.,-0.,-1.));
#4291=DIRECTION('',(1.,0.,-0.));
#4292=AXIS2_PLACEMENT_3D('',#4289,#4290,#4291);
#4293=CIRCLE('',#4292,0.5);
#4294=EDGE_CURVE('',#4119,#4265,#4293,.T.);
#4295=ORIENTED_EDGE('',*,*,#4294,.T.);
#4296=ORIENTED_EDGE('',*,*,#4270,.F.);
#4297=ORIENTED_EDGE('',*,*,#3011,.T.);
#4298=EDGE_LOOP('',(#4288,#4295,#4296,#4297));
#4299=FACE_BOUND('',#4298,.T.);
#4300=ADVANCED_FACE('',(#4299),#4287,.F.);
#4301=CARTESIAN_POINT('',(-186.06,-21.44,1.2));
#4302=DIRECTION('',(0.,-1.,0.));
#4303=DIRECTION('',(-1.,0.,-0.));
#4304=AXIS2_PLACEMENT_3D('',#4301,#4302,#4303);
#4305=PLANE('',#4304);
#4306=CARTESIAN_POINT('',(-198.76,-21.44,2.));
#4307=VERTEX_POINT('',#4306);
#4308=CARTESIAN_POINT('',(-198.76,-21.44,6.));
#4309=DIRECTION('',(0.,0.,-1.));
#4310=VECTOR('',#4309,4.);
#4311=LINE('',#4308,#4310);
#4312=EDGE_CURVE('',#2986,#4307,#4311,.T.);
#4313=ORIENTED_EDGE('',*,*,#4312,.T.);
#4314=CARTESIAN_POINT('',(-186.56,-21.44,2.));
#4315=VERTEX_POINT('',#4314);
#4316=CARTESIAN_POINT('',(-198.76,-21.44,2.));
#4317=DIRECTION('',(1.,0.,-0.));
#4318=VECTOR('',#4317,12.2);
#4319=LINE('',#4316,#4318);
#4320=EDGE_CURVE('',#4307,#4315,#4319,.T.);
#4321=ORIENTED_EDGE('',*,*,#4320,.T.);
#4322=CARTESIAN_POINT('',(-186.56,-21.44,2.));
#4323=DIRECTION('',(-0.,-0.,1.));
#4324=VECTOR('',#4323,4.);
#4325=LINE('',#4322,#4324);
#4326=EDGE_CURVE('',#4315,#2935,#4325,.T.);
#4327=ORIENTED_EDGE('',*,*,#4326,.T.);
#4328=ORIENTED_EDGE('',*,*,#2998,.F.);
#4329=EDGE_LOOP('',(#4313,#4321,#4327,#4328));
#4330=FACE_BOUND('',#4329,.T.);
#4331=ADVANCED_FACE('',(#4330),#4305,.T.);
#4332=CARTESIAN_POINT('',(-198.76,-21.94,5.8072));
#4333=DIRECTION('',(0.,0.,-1.));
#4334=DIRECTION('',(-1.,0.,-0.));
#4335=AXIS2_PLACEMENT_3D('',#4332,#4333,#4334);
#4336=CYLINDRICAL_SURFACE('',#4335,0.5);
#4337=CARTESIAN_POINT('',(-199.26,-21.94,2.));
#4338=VERTEX_POINT('',#4337);
#4339=CARTESIAN_POINT('',(-199.26,-21.94,2.));
#4340=DIRECTION('',(-0.,-0.,1.));
#4341=VECTOR('',#4340,4.);
#4342=LINE('',#4339,#4341);
#4343=EDGE_CURVE('',#4338,#2978,#4342,.T.);
#4344=ORIENTED_EDGE('',*,*,#4343,.F.);
#4345=CARTESIAN_POINT('',(-198.76,-21.94,2.));
#4346=DIRECTION('',(-0.,-0.,-1.));
#4347=DIRECTION('',(1.,0.,-0.));
#4348=AXIS2_PLACEMENT_3D('',#4345,#4346,#4347);
#4349=CIRCLE('',#4348,0.5);
#4350=EDGE_CURVE('',#4338,#4307,#4349,.T.);
#4351=ORIENTED_EDGE('',*,*,#4350,.T.);
#4352=ORIENTED_EDGE('',*,*,#4312,.F.);
#4353=ORIENTED_EDGE('',*,*,#2992,.T.);
#4354=EDGE_LOOP('',(#4344,#4351,#4352,#4353));
#4355=FACE_BOUND('',#4354,.T.);
#4356=ADVANCED_FACE('',(#4355),#4336,.F.);
#4357=CARTESIAN_POINT('',(-199.26,-21.94,1.2));
#4358=DIRECTION('',(1.,0.,0.));
#4359=DIRECTION('',(0.,-1.,0.));
#4360=AXIS2_PLACEMENT_3D('',#4357,#4358,#4359);
#4361=PLANE('',#4360);
#4362=CARTESIAN_POINT('',(-199.26,-28.61,2.));
#4363=VERTEX_POINT('',#4362);
#4364=CARTESIAN_POINT('',(-199.26,-28.61,6.));
#4365=DIRECTION('',(0.,0.,-1.));
#4366=VECTOR('',#4365,4.);
#4367=LINE('',#4364,#4366);
#4368=EDGE_CURVE('',#2969,#4363,#4367,.T.);
#4369=ORIENTED_EDGE('',*,*,#4368,.T.);
#4370=CARTESIAN_POINT('',(-199.26,-28.61,2.));
#4371=DIRECTION('',(0.,1.,0.));
#4372=VECTOR('',#4371,6.67);
#4373=LINE('',#4370,#4372);
#4374=EDGE_CURVE('',#4363,#4338,#4373,.T.);
#4375=ORIENTED_EDGE('',*,*,#4374,.T.);
#4376=ORIENTED_EDGE('',*,*,#4343,.T.);
#4377=ORIENTED_EDGE('',*,*,#2983,.F.);
#4378=EDGE_LOOP('',(#4369,#4375,#4376,#4377));
#4379=FACE_BOUND('',#4378,.T.);
#4380=ADVANCED_FACE('',(#4379),#4361,.T.);
#4381=CARTESIAN_POINT('',(-198.76,-28.61,1.2));
#4382=DIRECTION('',(0.,0.,-1.));
#4383=DIRECTION('',(-1.,0.,-0.));
#4384=AXIS2_PLACEMENT_3D('',#4381,#4382,#4383);
#4385=CYLINDRICAL_SURFACE('',#4384,0.5);
#4386=CARTESIAN_POINT('',(-198.76,-29.11,2.));
#4387=VERTEX_POINT('',#4386);
#4388=CARTESIAN_POINT('',(-198.76,-29.11,2.));
#4389=DIRECTION('',(-0.,-0.,1.));
#4390=VECTOR('',#4389,4.);
#4391=LINE('',#4388,#4390);
#4392=EDGE_CURVE('',#4387,#2961,#4391,.T.);
#4393=ORIENTED_EDGE('',*,*,#4392,.F.);
#4394=CARTESIAN_POINT('',(-198.76,-28.61,2.));
#4395=DIRECTION('',(-0.,-0.,-1.));
#4396=DIRECTION('',(1.,0.,-0.));
#4397=AXIS2_PLACEMENT_3D('',#4394,#4395,#4396);
#4398=CIRCLE('',#4397,0.5);
#4399=EDGE_CURVE('',#4387,#4363,#4398,.T.);
#4400=ORIENTED_EDGE('',*,*,#4399,.T.);
#4401=ORIENTED_EDGE('',*,*,#4368,.F.);
#4402=ORIENTED_EDGE('',*,*,#2975,.T.);
#4403=EDGE_LOOP('',(#4393,#4400,#4401,#4402));
#4404=FACE_BOUND('',#4403,.T.);
#4405=ADVANCED_FACE('',(#4404),#4385,.F.);
#4406=CARTESIAN_POINT('',(-198.76,-29.11,1.2));
#4407=DIRECTION('',(0.,1.,0.));
#4408=DIRECTION('',(1.,0.,0.));
#4409=AXIS2_PLACEMENT_3D('',#4406,#4407,#4408);
#4410=PLANE('',#4409);
#4411=CARTESIAN_POINT('',(-186.56,-29.11,2.));
#4412=VERTEX_POINT('',#4411);
#4413=CARTESIAN_POINT('',(-186.56,-29.11,6.));
#4414=DIRECTION('',(0.,0.,-1.));
#4415=VECTOR('',#4414,4.);
#4416=LINE('',#4413,#4415);
#4417=EDGE_CURVE('',#2952,#4412,#4416,.T.);
#4418=ORIENTED_EDGE('',*,*,#4417,.T.);
#4419=CARTESIAN_POINT('',(-186.56,-29.11,2.));
#4420=DIRECTION('',(-1.,0.,0.));
#4421=VECTOR('',#4420,12.2);
#4422=LINE('',#4419,#4421);
#4423=EDGE_CURVE('',#4412,#4387,#4422,.T.);
#4424=ORIENTED_EDGE('',*,*,#4423,.T.);
#4425=ORIENTED_EDGE('',*,*,#4392,.T.);
#4426=ORIENTED_EDGE('',*,*,#2966,.F.);
#4427=EDGE_LOOP('',(#4418,#4424,#4425,#4426));
#4428=FACE_BOUND('',#4427,.T.);
#4429=ADVANCED_FACE('',(#4428),#4410,.T.);
#4430=CARTESIAN_POINT('',(-186.56,-28.61,1.2));
#4431=DIRECTION('',(0.,0.,-1.));
#4432=DIRECTION('',(-1.,0.,-0.));
#4433=AXIS2_PLACEMENT_3D('',#4430,#4431,#4432);
#4434=CYLINDRICAL_SURFACE('',#4433,0.5);
#4435=CARTESIAN_POINT('',(-186.06,-28.61,2.));
#4436=VERTEX_POINT('',#4435);
#4437=CARTESIAN_POINT('',(-186.06,-28.61,2.));
#4438=DIRECTION('',(-0.,-0.,1.));
#4439=VECTOR('',#4438,4.);
#4440=LINE('',#4437,#4439);
#4441=EDGE_CURVE('',#4436,#2944,#4440,.T.);
#4442=ORIENTED_EDGE('',*,*,#4441,.F.);
#4443=CARTESIAN_POINT('',(-186.56,-28.61,2.));
#4444=DIRECTION('',(-0.,-0.,-1.));
#4445=DIRECTION('',(1.,0.,-0.));
#4446=AXIS2_PLACEMENT_3D('',#4443,#4444,#4445);
#4447=CIRCLE('',#4446,0.5);
#4448=EDGE_CURVE('',#4436,#4412,#4447,.T.);
#4449=ORIENTED_EDGE('',*,*,#4448,.T.);
#4450=ORIENTED_EDGE('',*,*,#4417,.F.);
#4451=ORIENTED_EDGE('',*,*,#2958,.T.);
#4452=EDGE_LOOP('',(#4442,#4449,#4450,#4451));
#4453=FACE_BOUND('',#4452,.T.);
#4454=ADVANCED_FACE('',(#4453),#4434,.F.);
#4455=CARTESIAN_POINT('',(-186.06,-28.61,1.2));
#4456=DIRECTION('',(-1.,0.,-0.));
#4457=DIRECTION('',(0.,1.,0.));
#4458=AXIS2_PLACEMENT_3D('',#4455,#4456,#4457);
#4459=PLANE('',#4458);
#4460=CARTESIAN_POINT('',(-186.06,-21.94,2.));
#4461=VERTEX_POINT('',#4460);
#4462=CARTESIAN_POINT('',(-186.06,-21.94,6.));
#4463=DIRECTION('',(0.,0.,-1.));
#4464=VECTOR('',#4463,4.);
#4465=LINE('',#4462,#4464);
#4466=EDGE_CURVE('',#2933,#4461,#4465,.T.);
#4467=ORIENTED_EDGE('',*,*,#4466,.T.);
#4468=CARTESIAN_POINT('',(-186.06,-21.94,2.));
#4469=DIRECTION('',(0.,-1.,0.));
#4470=VECTOR('',#4469,6.67);
#4471=LINE('',#4468,#4470);
#4472=EDGE_CURVE('',#4461,#4436,#4471,.T.);
#4473=ORIENTED_EDGE('',*,*,#4472,.T.);
#4474=ORIENTED_EDGE('',*,*,#4441,.T.);
#4475=ORIENTED_EDGE('',*,*,#2949,.F.);
#4476=EDGE_LOOP('',(#4467,#4473,#4474,#4475));
#4477=FACE_BOUND('',#4476,.T.);
#4478=ADVANCED_FACE('',(#4477),#4459,.T.);
#4479=CARTESIAN_POINT('',(-186.56,-21.94,-1.4072));
#4480=DIRECTION('',(-0.,0.,1.));
#4481=DIRECTION('',(1.,0.,0.));
#4482=AXIS2_PLACEMENT_3D('',#4479,#4480,#4481);
#4483=CYLINDRICAL_SURFACE('',#4482,0.5);
#4484=ORIENTED_EDGE('',*,*,#4326,.F.);
#4485=CARTESIAN_POINT('',(-186.56,-21.94,2.));
#4486=DIRECTION('',(-0.,-0.,-1.));
#4487=DIRECTION('',(1.,0.,-0.));
#4488=AXIS2_PLACEMENT_3D('',#4485,#4486,#4487);
#4489=CIRCLE('',#4488,0.5);
#4490=EDGE_CURVE('',#4315,#4461,#4489,.T.);
#4491=ORIENTED_EDGE('',*,*,#4490,.T.);
#4492=ORIENTED_EDGE('',*,*,#4466,.F.);
#4493=ORIENTED_EDGE('',*,*,#2941,.T.);
#4494=EDGE_LOOP('',(#4484,#4491,#4492,#4493));
#4495=FACE_BOUND('',#4494,.T.);
#4496=ADVANCED_FACE('',(#4495),#4483,.F.);
#4497=CARTESIAN_POINT('',(-155.7,-2.49,1.2));
#4498=DIRECTION('',(0.,0.,-1.));
#4499=DIRECTION('',(-1.,0.,0.));
#4500=AXIS2_PLACEMENT_3D('',#4497,#4498,#4499);
#4501=CYLINDRICAL_SURFACE('',#4500,1.5);
#4502=ORIENTED_EDGE('',*,*,#3341,.F.);
#4503=CARTESIAN_POINT('',(-155.7,-2.49,2.));
#4504=DIRECTION('',(-0.,-0.,-1.));
#4505=DIRECTION('',(1.,0.,-0.));
#4506=AXIS2_PLACEMENT_3D('',#4503,#4504,#4505);
#4507=CIRCLE('',#4506,1.5);
#4508=EDGE_CURVE('',#3330,#2734,#4507,.T.);
#4509=ORIENTED_EDGE('',*,*,#4508,.T.);
#4510=ORIENTED_EDGE('',*,*,#2739,.F.);
#4511=ORIENTED_EDGE('',*,*,#2915,.F.);
#4512=EDGE_LOOP('',(#4502,#4509,#4510,#4511));
#4513=FACE_BOUND('',#4512,.T.);
#4514=ADVANCED_FACE('',(#4513),#4501,.F.);
#4515=CARTESIAN_POINT('',(-155.7,-18.49,-62.8));
#4516=DIRECTION('',(0.,0.,-1.));
#4517=DIRECTION('',(-1.,0.,0.));
#4518=AXIS2_PLACEMENT_3D('',#4515,#4516,#4517);
#4519=CYLINDRICAL_SURFACE('',#4518,1.5);
#4520=ORIENTED_EDGE('',*,*,#2755,.F.);
#4521=CARTESIAN_POINT('',(-155.7,-18.49,2.));
#4522=DIRECTION('',(-0.,-0.,-1.));
#4523=DIRECTION('',(1.,0.,-0.));
#4524=AXIS2_PLACEMENT_3D('',#4521,#4522,#4523);
#4525=CIRCLE('',#4524,1.5);
#4526=EDGE_CURVE('',#2742,#3427,#4525,.T.);
#4527=ORIENTED_EDGE('',*,*,#4526,.T.);
#4528=ORIENTED_EDGE('',*,*,#3432,.F.);
#4529=ORIENTED_EDGE('',*,*,#2866,.F.);
#4530=EDGE_LOOP('',(#4520,#4527,#4528,#4529));
#4531=FACE_BOUND('',#4530,.T.);
#4532=ADVANCED_FACE('',(#4531),#4519,.F.);
#4533=CARTESIAN_POINT('',(-205.693711908,0.67479827,-14.));
#4534=DIRECTION('',(-0.,0.,1.));
#4535=DIRECTION('',(1.,0.,0.));
#4536=AXIS2_PLACEMENT_3D('',#4533,#4534,#4535);
#4537=CYLINDRICAL_SURFACE('',#4536,3.25);
#4538=CARTESIAN_POINT('',(-202.443711908,0.67479827,2.));
#4539=VERTEX_POINT('',#4538);
#4540=CARTESIAN_POINT('',(-202.443711908,0.67479827,2.));
#4541=DIRECTION('',(0.,-0.,-1.));
#4542=VECTOR('',#4541,1.);
#4543=LINE('',#4540,#4542);
#4544=EDGE_CURVE('',#4539,#2424,#4543,.T.);
#4545=ORIENTED_EDGE('',*,*,#4544,.F.);
#4546=CARTESIAN_POINT('',(-208.943711908,0.67479827,2.));
#4547=VERTEX_POINT('',#4546);
#4548=CARTESIAN_POINT('',(-205.693711908,0.67479827,2.));
#4549=DIRECTION('',(-0.,-0.,1.));
#4550=DIRECTION('',(-1.,0.,0.));
#4551=AXIS2_PLACEMENT_3D('',#4548,#4549,#4550);
#4552=CIRCLE('',#4551,3.25);
#4553=EDGE_CURVE('',#4539,#4547,#4552,.T.);
#4554=ORIENTED_EDGE('',*,*,#4553,.T.);
#4555=CARTESIAN_POINT('',(-205.693711908,0.67479827,2.));
#4556=DIRECTION('',(-0.,-0.,1.));
#4557=DIRECTION('',(-1.,0.,0.));
#4558=AXIS2_PLACEMENT_3D('',#4555,#4556,#4557);
#4559=CIRCLE('',#4558,3.25);
#4560=EDGE_CURVE('',#4547,#4539,#4559,.T.);
#4561=ORIENTED_EDGE('',*,*,#4560,.T.);
#4562=ORIENTED_EDGE('',*,*,#4544,.T.);
#4563=ORIENTED_EDGE('',*,*,#2430,.T.);
#4564=EDGE_LOOP('',(#4545,#4554,#4561,#4562,#4563));
#4565=FACE_BOUND('',#4564,.T.);
#4566=ADVANCED_FACE('',(#4565),#4537,.F.);
#4567=CARTESIAN_POINT('',(-205.693711908,0.67479827,2.));
#4568=DIRECTION('',(0.,0.,1.));
#4569=DIRECTION('',(1.,0.,-0.));
#4570=AXIS2_PLACEMENT_3D('',#4567,#4568,#4569);
#4571=CONICAL_SURFACE('',#4570,3.25,45.);
#4572=CARTESIAN_POINT('',(-198.443711908,0.67479827,6.));
#4573=DIRECTION('',(-0.707106781,-0.,-0.707106781));
#4574=VECTOR('',#4573,5.656854249);
#4575=LINE('',#4572,#4574);
#4576=EDGE_CURVE('',#2831,#4539,#4575,.T.);
#4577=ORIENTED_EDGE('',*,*,#4576,.F.);
#4578=ORIENTED_EDGE('',*,*,#2837,.F.);
#4579=ORIENTED_EDGE('',*,*,#2844,.F.);
#4580=ORIENTED_EDGE('',*,*,#4576,.T.);
#4581=ORIENTED_EDGE('',*,*,#4560,.F.);
#4582=ORIENTED_EDGE('',*,*,#4553,.F.);
#4583=EDGE_LOOP('',(#4577,#4578,#4579,#4580,#4581,#4582));
#4584=FACE_BOUND('',#4583,.T.);
#4585=ADVANCED_FACE('',(#4584),#4571,.F.);
#4586=CARTESIAN_POINT('',(-164.5,-18.49,2.));
#4587=DIRECTION('',(0.,0.,1.));
#4588=DIRECTION('',(1.,0.,-0.));
#4589=AXIS2_PLACEMENT_3D('',#4586,#4587,#4588);
#4590=TOROIDAL_SURFACE('',#4589,2.5,1.);
#4591=CARTESIAN_POINT('',(-167.,-18.49,2.));
#4592=DIRECTION('',(0.,1.,0.));
#4593=DIRECTION('',(0.,-0.,1.));
#4594=AXIS2_PLACEMENT_3D('',#4591,#4592,#4593);
#4595=CIRCLE('',#4594,1.);
#4596=EDGE_CURVE('',#3378,#2390,#4595,.T.);
#4597=ORIENTED_EDGE('',*,*,#4596,.F.);
#4598=ORIENTED_EDGE('',*,*,#3414,.F.);
#4599=CARTESIAN_POINT('',(-164.5,-20.99,2.));
#4600=DIRECTION('',(1.,0.,0.));
#4601=DIRECTION('',(0.,0.,-1.));
#4602=AXIS2_PLACEMENT_3D('',#4599,#4600,#4601);
#4603=CIRCLE('',#4602,1.);
#4604=EDGE_CURVE('',#2398,#3402,#4603,.T.);
#4605=ORIENTED_EDGE('',*,*,#4604,.F.);
#4606=ORIENTED_EDGE('',*,*,#2404,.F.);
#4607=EDGE_LOOP('',(#4597,#4598,#4605,#4606));
#4608=FACE_BOUND('',#4607,.T.);
#4609=ADVANCED_FACE('',(#4608),#4590,.T.);
#4610=CARTESIAN_POINT('',(-152.05,-20.99,2.));
#4611=DIRECTION('',(-1.,0.,0.));
#4612=DIRECTION('',(0.,0.,1.));
#4613=AXIS2_PLACEMENT_3D('',#4610,#4611,#4612);
#4614=CYLINDRICAL_SURFACE('',#4613,1.);
#4615=ORIENTED_EDGE('',*,*,#4604,.T.);
#4616=ORIENTED_EDGE('',*,*,#3438,.F.);
#4617=CARTESIAN_POINT('',(-155.7,-20.99,2.));
#4618=DIRECTION('',(1.,0.,0.));
#4619=DIRECTION('',(0.,0.,-1.));
#4620=AXIS2_PLACEMENT_3D('',#4617,#4618,#4619);
#4621=CIRCLE('',#4620,1.);
#4622=EDGE_CURVE('',#2407,#3427,#4621,.T.);
#4623=ORIENTED_EDGE('',*,*,#4622,.F.);
#4624=ORIENTED_EDGE('',*,*,#2412,.F.);
#4625=EDGE_LOOP('',(#4615,#4616,#4623,#4624));
#4626=FACE_BOUND('',#4625,.T.);
#4627=ADVANCED_FACE('',(#4626),#4614,.T.);
#4628=CARTESIAN_POINT('',(-167.,-19.99,2.));
#4629=DIRECTION('',(0.,1.,0.));
#4630=DIRECTION('',(0.,-0.,1.));
#4631=AXIS2_PLACEMENT_3D('',#4628,#4629,#4630);
#4632=CYLINDRICAL_SURFACE('',#4631,1.);
#4633=ORIENTED_EDGE('',*,*,#4596,.T.);
#4634=ORIENTED_EDGE('',*,*,#2395,.F.);
#4635=CARTESIAN_POINT('',(-167.,-2.49,2.));
#4636=DIRECTION('',(0.,1.,0.));
#4637=DIRECTION('',(0.,-0.,1.));
#4638=AXIS2_PLACEMENT_3D('',#4635,#4636,#4637);
#4639=CIRCLE('',#4638,1.);
#4640=EDGE_CURVE('',#3353,#2381,#4639,.T.);
#4641=ORIENTED_EDGE('',*,*,#4640,.F.);
#4642=ORIENTED_EDGE('',*,*,#3389,.F.);
#4643=EDGE_LOOP('',(#4633,#4634,#4641,#4642));
#4644=FACE_BOUND('',#4643,.T.);
#4645=ADVANCED_FACE('',(#4644),#4632,.T.);
#4646=CARTESIAN_POINT('',(-155.7,-18.49,2.));
#4647=DIRECTION('',(0.,0.,1.));
#4648=DIRECTION('',(1.,0.,-0.));
#4649=AXIS2_PLACEMENT_3D('',#4646,#4647,#4648);
#4650=TOROIDAL_SURFACE('',#4649,2.5,1.);
#4651=ORIENTED_EDGE('',*,*,#4622,.T.);
#4652=ORIENTED_EDGE('',*,*,#4526,.F.);
#4653=CARTESIAN_POINT('',(-153.2,-18.49,2.));
#4654=DIRECTION('',(0.,1.,0.));
#4655=DIRECTION('',(0.,-0.,1.));
#4656=AXIS2_PLACEMENT_3D('',#4653,#4654,#4655);
#4657=CIRCLE('',#4656,1.);
#4658=EDGE_CURVE('',#2354,#2742,#4657,.T.);
#4659=ORIENTED_EDGE('',*,*,#4658,.F.);
#4660=ORIENTED_EDGE('',*,*,#2419,.F.);
#4661=EDGE_LOOP('',(#4651,#4652,#4659,#4660));
#4662=FACE_BOUND('',#4661,.T.);
#4663=ADVANCED_FACE('',(#4662),#4650,.T.);
#4664=CARTESIAN_POINT('',(-164.5,-2.49,2.));
#4665=DIRECTION('',(0.,0.,1.));
#4666=DIRECTION('',(1.,0.,-0.));
#4667=AXIS2_PLACEMENT_3D('',#4664,#4665,#4666);
#4668=TOROIDAL_SURFACE('',#4667,2.5,1.);
#4669=ORIENTED_EDGE('',*,*,#4640,.T.);
#4670=ORIENTED_EDGE('',*,*,#2387,.F.);
#4671=CARTESIAN_POINT('',(-164.5,0.01,2.));
#4672=DIRECTION('',(1.,0.,0.));
#4673=DIRECTION('',(0.,0.,-1.));
#4674=AXIS2_PLACEMENT_3D('',#4671,#4672,#4673);
#4675=CIRCLE('',#4674,1.);
#4676=EDGE_CURVE('',#3322,#2373,#4675,.T.);
#4677=ORIENTED_EDGE('',*,*,#4676,.F.);
#4678=ORIENTED_EDGE('',*,*,#3365,.F.);
#4679=EDGE_LOOP('',(#4669,#4670,#4677,#4678));
#4680=FACE_BOUND('',#4679,.T.);
#4681=ADVANCED_FACE('',(#4680),#4668,.T.);
#4682=CARTESIAN_POINT('',(-153.2,-30.,2.));
#4683=DIRECTION('',(0.,-1.,0.));
#4684=DIRECTION('',(0.,0.,-1.));
#4685=AXIS2_PLACEMENT_3D('',#4682,#4683,#4684);
#4686=CYLINDRICAL_SURFACE('',#4685,1.);
#4687=ORIENTED_EDGE('',*,*,#4658,.T.);
#4688=ORIENTED_EDGE('',*,*,#2747,.F.);
#4689=CARTESIAN_POINT('',(-153.2,-2.49,2.));
#4690=DIRECTION('',(0.,1.,0.));
#4691=DIRECTION('',(0.,-0.,1.));
#4692=AXIS2_PLACEMENT_3D('',#4689,#4690,#4691);
#4693=CIRCLE('',#4692,1.);
#4694=EDGE_CURVE('',#2356,#2734,#4693,.T.);
#4695=ORIENTED_EDGE('',*,*,#4694,.F.);
#4696=ORIENTED_EDGE('',*,*,#2361,.F.);
#4697=EDGE_LOOP('',(#4687,#4688,#4695,#4696));
#4698=FACE_BOUND('',#4697,.T.);
#4699=ADVANCED_FACE('',(#4698),#4686,.T.);
#4700=CARTESIAN_POINT('',(0.,0.01,2.));
#4701=DIRECTION('',(-1.,0.,0.));
#4702=DIRECTION('',(0.,0.,1.));
#4703=AXIS2_PLACEMENT_3D('',#4700,#4701,#4702);
#4704=CYLINDRICAL_SURFACE('',#4703,1.);
#4705=ORIENTED_EDGE('',*,*,#4676,.T.);
#4706=ORIENTED_EDGE('',*,*,#2378,.F.);
#4707=CARTESIAN_POINT('',(-155.7,0.01,2.));
#4708=DIRECTION('',(1.,0.,0.));
#4709=DIRECTION('',(0.,0.,-1.));
#4710=AXIS2_PLACEMENT_3D('',#4707,#4708,#4709);
#4711=CIRCLE('',#4710,1.);
#4712=EDGE_CURVE('',#3330,#2364,#4711,.T.);
#4713=ORIENTED_EDGE('',*,*,#4712,.F.);
#4714=ORIENTED_EDGE('',*,*,#3335,.F.);
#4715=EDGE_LOOP('',(#4705,#4706,#4713,#4714));
#4716=FACE_BOUND('',#4715,.T.);
#4717=ADVANCED_FACE('',(#4716),#4704,.T.);
#4718=CARTESIAN_POINT('',(-155.7,-2.49,2.));
#4719=DIRECTION('',(0.,0.,1.));
#4720=DIRECTION('',(1.,0.,-0.));
#4721=AXIS2_PLACEMENT_3D('',#4718,#4719,#4720);
#4722=TOROIDAL_SURFACE('',#4721,2.5,1.);
#4723=ORIENTED_EDGE('',*,*,#4694,.T.);
#4724=ORIENTED_EDGE('',*,*,#4508,.F.);
#4725=ORIENTED_EDGE('',*,*,#4712,.T.);
#4726=ORIENTED_EDGE('',*,*,#2370,.F.);
#4727=EDGE_LOOP('',(#4723,#4724,#4725,#4726));
#4728=FACE_BOUND('',#4727,.T.);
#4729=ADVANCED_FACE('',(#4728),#4722,.T.);
#4730=CARTESIAN_POINT('',(-177.24,21.39,2.));
#4731=DIRECTION('',(0.,0.,1.));
#4732=DIRECTION('',(1.,0.,-0.));
#4733=AXIS2_PLACEMENT_3D('',#4730,#4731,#4732);
#4734=TOROIDAL_SURFACE('',#4733,1.5,1.);
#4735=CARTESIAN_POINT('',(-175.74,21.39,2.));
#4736=DIRECTION('',(0.,1.,0.));
#4737=DIRECTION('',(0.,-0.,1.));
#4738=AXIS2_PLACEMENT_3D('',#4735,#4736,#4737);
#4739=CIRCLE('',#4738,1.);
#4740=EDGE_CURVE('',#2328,#3799,#4739,.T.);
#4741=ORIENTED_EDGE('',*,*,#4740,.F.);
#4742=ORIENTED_EDGE('',*,*,#2334,.F.);
#4743=CARTESIAN_POINT('',(-177.24,19.89,2.));
#4744=DIRECTION('',(-1.,0.,0.));
#4745=DIRECTION('',(0.,0.,1.));
#4746=AXIS2_PLACEMENT_3D('',#4743,#4744,#4745);
#4747=CIRCLE('',#4746,1.);
#4748=EDGE_CURVE('',#3775,#2320,#4747,.T.);
#4749=ORIENTED_EDGE('',*,*,#4748,.F.);
#4750=ORIENTED_EDGE('',*,*,#3811,.F.);
#4751=EDGE_LOOP('',(#4741,#4742,#4749,#4750));
#4752=FACE_BOUND('',#4751,.T.);
#4753=ADVANCED_FACE('',(#4752),#4734,.T.);
#4754=CARTESIAN_POINT('',(-189.94,19.89,2.));
#4755=DIRECTION('',(1.,0.,0.));
#4756=DIRECTION('',(0.,0.,-1.));
#4757=AXIS2_PLACEMENT_3D('',#4754,#4755,#4756);
#4758=CYLINDRICAL_SURFACE('',#4757,1.);
#4759=ORIENTED_EDGE('',*,*,#4748,.T.);
#4760=ORIENTED_EDGE('',*,*,#2325,.F.);
#4761=CARTESIAN_POINT('',(-189.44,19.89,2.));
#4762=DIRECTION('',(-1.,0.,0.));
#4763=DIRECTION('',(0.,0.,1.));
#4764=AXIS2_PLACEMENT_3D('',#4761,#4762,#4763);
#4765=CIRCLE('',#4764,1.);
#4766=EDGE_CURVE('',#3750,#2311,#4765,.T.);
#4767=ORIENTED_EDGE('',*,*,#4766,.F.);
#4768=ORIENTED_EDGE('',*,*,#3786,.F.);
#4769=EDGE_LOOP('',(#4759,#4760,#4767,#4768));
#4770=FACE_BOUND('',#4769,.T.);
#4771=ADVANCED_FACE('',(#4770),#4758,.T.);
#4772=CARTESIAN_POINT('',(-175.74,20.39,2.));
#4773=DIRECTION('',(-0.,1.,0.));
#4774=DIRECTION('',(-1.,-0.,0.));
#4775=AXIS2_PLACEMENT_3D('',#4772,#4773,#4774);
#4776=CYLINDRICAL_SURFACE('',#4775,1.);
#4777=ORIENTED_EDGE('',*,*,#4740,.T.);
#4778=ORIENTED_EDGE('',*,*,#3835,.F.);
#4779=CARTESIAN_POINT('',(-175.74,27.86,2.));
#4780=DIRECTION('',(-0.,1.,0.));
#4781=DIRECTION('',(-1.,-0.,0.));
#4782=AXIS2_PLACEMENT_3D('',#4779,#4780,#4781);
#4783=CIRCLE('',#4782,1.);
#4784=EDGE_CURVE('',#2337,#3824,#4783,.T.);
#4785=ORIENTED_EDGE('',*,*,#4784,.F.);
#4786=ORIENTED_EDGE('',*,*,#2342,.F.);
#4787=EDGE_LOOP('',(#4777,#4778,#4785,#4786));
#4788=FACE_BOUND('',#4787,.T.);
#4789=ADVANCED_FACE('',(#4788),#4776,.T.);
#4790=CARTESIAN_POINT('',(-189.44,21.39,2.));
#4791=DIRECTION('',(0.,0.,1.));
#4792=DIRECTION('',(1.,0.,-0.));
#4793=AXIS2_PLACEMENT_3D('',#4790,#4791,#4792);
#4794=TOROIDAL_SURFACE('',#4793,1.5,1.);
#4795=ORIENTED_EDGE('',*,*,#4766,.T.);
#4796=ORIENTED_EDGE('',*,*,#2317,.F.);
#4797=CARTESIAN_POINT('',(-190.94,21.39,2.));
#4798=DIRECTION('',(0.,1.,0.));
#4799=DIRECTION('',(0.,-0.,1.));
#4800=AXIS2_PLACEMENT_3D('',#4797,#4798,#4799);
#4801=CIRCLE('',#4800,1.);
#4802=EDGE_CURVE('',#3719,#2303,#4801,.T.);
#4803=ORIENTED_EDGE('',*,*,#4802,.F.);
#4804=ORIENTED_EDGE('',*,*,#3762,.F.);
#4805=EDGE_LOOP('',(#4795,#4796,#4803,#4804));
#4806=FACE_BOUND('',#4805,.T.);
#4807=ADVANCED_FACE('',(#4806),#4794,.T.);
#4808=CARTESIAN_POINT('',(-177.24,27.86,2.));
#4809=DIRECTION('',(0.,0.,1.));
#4810=DIRECTION('',(1.,0.,-0.));
#4811=AXIS2_PLACEMENT_3D('',#4808,#4809,#4810);
#4812=TOROIDAL_SURFACE('',#4811,1.5,1.);
#4813=ORIENTED_EDGE('',*,*,#4784,.T.);
#4814=ORIENTED_EDGE('',*,*,#3860,.F.);
#4815=CARTESIAN_POINT('',(-177.24,29.36,2.));
#4816=DIRECTION('',(-1.,0.,0.));
#4817=DIRECTION('',(0.,0.,1.));
#4818=AXIS2_PLACEMENT_3D('',#4815,#4816,#4817);
#4819=CIRCLE('',#4818,1.);
#4820=EDGE_CURVE('',#2284,#3848,#4819,.T.);
#4821=ORIENTED_EDGE('',*,*,#4820,.F.);
#4822=ORIENTED_EDGE('',*,*,#2349,.F.);
#4823=EDGE_LOOP('',(#4813,#4814,#4821,#4822));
#4824=FACE_BOUND('',#4823,.T.);
#4825=ADVANCED_FACE('',(#4824),#4812,.T.);
#4826=CARTESIAN_POINT('',(-190.94,27.06,2.));
#4827=DIRECTION('',(0.,-1.,0.));
#4828=DIRECTION('',(0.,0.,-1.));
#4829=AXIS2_PLACEMENT_3D('',#4826,#4827,#4828);
#4830=CYLINDRICAL_SURFACE('',#4829,1.);
#4831=ORIENTED_EDGE('',*,*,#4802,.T.);
#4832=ORIENTED_EDGE('',*,*,#2308,.F.);
#4833=CARTESIAN_POINT('',(-190.94,27.86,2.));
#4834=DIRECTION('',(0.,1.,0.));
#4835=DIRECTION('',(0.,-0.,1.));
#4836=AXIS2_PLACEMENT_3D('',#4833,#4834,#4835);
#4837=CIRCLE('',#4836,1.);
#4838=EDGE_CURVE('',#3727,#2294,#4837,.T.);
#4839=ORIENTED_EDGE('',*,*,#4838,.F.);
#4840=ORIENTED_EDGE('',*,*,#3732,.F.);
#4841=EDGE_LOOP('',(#4831,#4832,#4839,#4840));
#4842=FACE_BOUND('',#4841,.T.);
#4843=ADVANCED_FACE('',(#4842),#4830,.T.);
#4844=CARTESIAN_POINT('',(-177.24,29.36,2.));
#4845=DIRECTION('',(-1.,0.,0.));
#4846=DIRECTION('',(0.,0.,1.));
#4847=AXIS2_PLACEMENT_3D('',#4844,#4845,#4846);
#4848=CYLINDRICAL_SURFACE('',#4847,1.);
#4849=ORIENTED_EDGE('',*,*,#4820,.T.);
#4850=ORIENTED_EDGE('',*,*,#3884,.F.);
#4851=CARTESIAN_POINT('',(-189.44,29.36,2.));
#4852=DIRECTION('',(-1.,0.,0.));
#4853=DIRECTION('',(0.,0.,1.));
#4854=AXIS2_PLACEMENT_3D('',#4851,#4852,#4853);
#4855=CIRCLE('',#4854,1.);
#4856=EDGE_CURVE('',#2286,#3873,#4855,.T.);
#4857=ORIENTED_EDGE('',*,*,#4856,.F.);
#4858=ORIENTED_EDGE('',*,*,#2291,.F.);
#4859=EDGE_LOOP('',(#4849,#4850,#4857,#4858));
#4860=FACE_BOUND('',#4859,.T.);
#4861=ADVANCED_FACE('',(#4860),#4848,.T.);
#4862=CARTESIAN_POINT('',(-189.44,27.86,2.));
#4863=DIRECTION('',(0.,0.,1.));
#4864=DIRECTION('',(1.,0.,-0.));
#4865=AXIS2_PLACEMENT_3D('',#4862,#4863,#4864);
#4866=TOROIDAL_SURFACE('',#4865,1.5,1.);
#4867=ORIENTED_EDGE('',*,*,#4838,.T.);
#4868=ORIENTED_EDGE('',*,*,#2300,.F.);
#4869=ORIENTED_EDGE('',*,*,#4856,.T.);
#4870=ORIENTED_EDGE('',*,*,#3902,.F.);
#4871=EDGE_LOOP('',(#4867,#4868,#4869,#4870));
#4872=FACE_BOUND('',#4871,.T.);
#4873=ADVANCED_FACE('',(#4872),#4866,.T.);
#4874=CARTESIAN_POINT('',(-186.56,-28.61,2.));
#4875=DIRECTION('',(0.,0.,1.));
#4876=DIRECTION('',(1.,0.,-0.));
#4877=AXIS2_PLACEMENT_3D('',#4874,#4875,#4876);
#4878=TOROIDAL_SURFACE('',#4877,1.5,1.);
#4879=CARTESIAN_POINT('',(-185.06,-28.61,2.));
#4880=DIRECTION('',(0.,1.,0.));
#4881=DIRECTION('',(0.,-0.,1.));
#4882=AXIS2_PLACEMENT_3D('',#4879,#4880,#4881);
#4883=CIRCLE('',#4882,1.);
#4884=EDGE_CURVE('',#2258,#4436,#4883,.T.);
#4885=ORIENTED_EDGE('',*,*,#4884,.F.);
#4886=ORIENTED_EDGE('',*,*,#2264,.F.);
#4887=CARTESIAN_POINT('',(-186.56,-30.11,2.));
#4888=DIRECTION('',(-1.,0.,0.));
#4889=DIRECTION('',(0.,0.,1.));
#4890=AXIS2_PLACEMENT_3D('',#4887,#4888,#4889);
#4891=CIRCLE('',#4890,1.);
#4892=EDGE_CURVE('',#4412,#2250,#4891,.T.);
#4893=ORIENTED_EDGE('',*,*,#4892,.F.);
#4894=ORIENTED_EDGE('',*,*,#4448,.F.);
#4895=EDGE_LOOP('',(#4885,#4886,#4893,#4894));
#4896=FACE_BOUND('',#4895,.T.);
#4897=ADVANCED_FACE('',(#4896),#4878,.T.);
#4898=CARTESIAN_POINT('',(-198.76,-30.11,2.));
#4899=DIRECTION('',(1.,0.,0.));
#4900=DIRECTION('',(0.,0.,-1.));
#4901=AXIS2_PLACEMENT_3D('',#4898,#4899,#4900);
#4902=CYLINDRICAL_SURFACE('',#4901,1.);
#4903=ORIENTED_EDGE('',*,*,#4892,.T.);
#4904=ORIENTED_EDGE('',*,*,#2255,.F.);
#4905=CARTESIAN_POINT('',(-198.76,-30.11,2.));
#4906=DIRECTION('',(-1.,0.,0.));
#4907=DIRECTION('',(0.,0.,1.));
#4908=AXIS2_PLACEMENT_3D('',#4905,#4906,#4907);
#4909=CIRCLE('',#4908,1.);
#4910=EDGE_CURVE('',#4387,#2241,#4909,.T.);
#4911=ORIENTED_EDGE('',*,*,#4910,.F.);
#4912=ORIENTED_EDGE('',*,*,#4423,.F.);
#4913=EDGE_LOOP('',(#4903,#4904,#4911,#4912));
#4914=FACE_BOUND('',#4913,.T.);
#4915=ADVANCED_FACE('',(#4914),#4902,.T.);
#4916=CARTESIAN_POINT('',(-185.06,-28.61,2.));
#4917=DIRECTION('',(0.,1.,0.));
#4918=DIRECTION('',(0.,-0.,1.));
#4919=AXIS2_PLACEMENT_3D('',#4916,#4917,#4918);
#4920=CYLINDRICAL_SURFACE('',#4919,1.);
#4921=ORIENTED_EDGE('',*,*,#4884,.T.);
#4922=ORIENTED_EDGE('',*,*,#4472,.F.);
#4923=CARTESIAN_POINT('',(-185.06,-21.94,2.));
#4924=DIRECTION('',(0.,1.,0.));
#4925=DIRECTION('',(0.,-0.,1.));
#4926=AXIS2_PLACEMENT_3D('',#4923,#4924,#4925);
#4927=CIRCLE('',#4926,1.);
#4928=EDGE_CURVE('',#2267,#4461,#4927,.T.);
#4929=ORIENTED_EDGE('',*,*,#4928,.F.);
#4930=ORIENTED_EDGE('',*,*,#2272,.F.);
#4931=EDGE_LOOP('',(#4921,#4922,#4929,#4930));
#4932=FACE_BOUND('',#4931,.T.);
#4933=ADVANCED_FACE('',(#4932),#4920,.T.);
#4934=CARTESIAN_POINT('',(-198.76,-28.61,2.));
#4935=DIRECTION('',(0.,0.,1.));
#4936=DIRECTION('',(1.,0.,-0.));
#4937=AXIS2_PLACEMENT_3D('',#4934,#4935,#4936);
#4938=TOROIDAL_SURFACE('',#4937,1.5,1.);
#4939=ORIENTED_EDGE('',*,*,#4910,.T.);
#4940=ORIENTED_EDGE('',*,*,#2247,.F.);
#4941=CARTESIAN_POINT('',(-200.26,-28.61,2.));
#4942=DIRECTION('',(0.,1.,-0.));
#4943=DIRECTION('',(0.,0.,1.));
#4944=AXIS2_PLACEMENT_3D('',#4941,#4942,#4943);
#4945=CIRCLE('',#4944,1.);
#4946=EDGE_CURVE('',#4363,#2233,#4945,.T.);
#4947=ORIENTED_EDGE('',*,*,#4946,.F.);
#4948=ORIENTED_EDGE('',*,*,#4399,.F.);
#4949=EDGE_LOOP('',(#4939,#4940,#4947,#4948));
#4950=FACE_BOUND('',#4949,.T.);
#4951=ADVANCED_FACE('',(#4950),#4938,.T.);
#4952=CARTESIAN_POINT('',(-186.56,-21.94,2.));
#4953=DIRECTION('',(0.,0.,1.));
#4954=DIRECTION('',(1.,0.,-0.));
#4955=AXIS2_PLACEMENT_3D('',#4952,#4953,#4954);
#4956=TOROIDAL_SURFACE('',#4955,1.5,1.);
#4957=ORIENTED_EDGE('',*,*,#4928,.T.);
#4958=ORIENTED_EDGE('',*,*,#4490,.F.);
#4959=CARTESIAN_POINT('',(-186.56,-20.44,2.));
#4960=DIRECTION('',(-1.,0.,0.));
#4961=DIRECTION('',(0.,0.,1.));
#4962=AXIS2_PLACEMENT_3D('',#4959,#4960,#4961);
#4963=CIRCLE('',#4962,1.);
#4964=EDGE_CURVE('',#2214,#4315,#4963,.T.);
#4965=ORIENTED_EDGE('',*,*,#4964,.F.);
#4966=ORIENTED_EDGE('',*,*,#2279,.F.);
#4967=EDGE_LOOP('',(#4957,#4958,#4965,#4966));
#4968=FACE_BOUND('',#4967,.T.);
#4969=ADVANCED_FACE('',(#4968),#4956,.T.);
#4970=CARTESIAN_POINT('',(-200.26,-21.94,2.));
#4971=DIRECTION('',(0.,-1.,0.));
#4972=DIRECTION('',(0.,0.,-1.));
#4973=AXIS2_PLACEMENT_3D('',#4970,#4971,#4972);
#4974=CYLINDRICAL_SURFACE('',#4973,1.);
#4975=ORIENTED_EDGE('',*,*,#4946,.T.);
#4976=ORIENTED_EDGE('',*,*,#2238,.F.);
#4977=CARTESIAN_POINT('',(-200.26,-21.94,2.));
#4978=DIRECTION('',(0.,1.,0.));
#4979=DIRECTION('',(0.,-0.,1.));
#4980=AXIS2_PLACEMENT_3D('',#4977,#4978,#4979);
#4981=CIRCLE('',#4980,1.);
#4982=EDGE_CURVE('',#4338,#2224,#4981,.T.);
#4983=ORIENTED_EDGE('',*,*,#4982,.F.);
#4984=ORIENTED_EDGE('',*,*,#4374,.F.);
#4985=EDGE_LOOP('',(#4975,#4976,#4983,#4984));
#4986=FACE_BOUND('',#4985,.T.);
#4987=ADVANCED_FACE('',(#4986),#4974,.T.);
#4988=CARTESIAN_POINT('',(-186.06,-20.44,2.));
#4989=DIRECTION('',(-1.,0.,0.));
#4990=DIRECTION('',(0.,0.,1.));
#4991=AXIS2_PLACEMENT_3D('',#4988,#4989,#4990);
#4992=CYLINDRICAL_SURFACE('',#4991,1.);
#4993=ORIENTED_EDGE('',*,*,#4964,.T.);
#4994=ORIENTED_EDGE('',*,*,#4320,.F.);
#4995=CARTESIAN_POINT('',(-198.76,-20.44,2.));
#4996=DIRECTION('',(-1.,0.,0.));
#4997=DIRECTION('',(0.,0.,1.));
#4998=AXIS2_PLACEMENT_3D('',#4995,#4996,#4997);
#4999=CIRCLE('',#4998,1.);
#5000=EDGE_CURVE('',#2216,#4307,#4999,.T.);
#5001=ORIENTED_EDGE('',*,*,#5000,.F.);
#5002=ORIENTED_EDGE('',*,*,#2221,.F.);
#5003=EDGE_LOOP('',(#4993,#4994,#5001,#5002));
#5004=FACE_BOUND('',#5003,.T.);
#5005=ADVANCED_FACE('',(#5004),#4992,.T.);
#5006=CARTESIAN_POINT('',(-198.76,-21.94,2.));
#5007=DIRECTION('',(0.,0.,1.));
#5008=DIRECTION('',(1.,0.,-0.));
#5009=AXIS2_PLACEMENT_3D('',#5006,#5007,#5008);
#5010=TOROIDAL_SURFACE('',#5009,1.5,1.);
#5011=ORIENTED_EDGE('',*,*,#4982,.T.);
#5012=ORIENTED_EDGE('',*,*,#2230,.F.);
#5013=ORIENTED_EDGE('',*,*,#5000,.T.);
#5014=ORIENTED_EDGE('',*,*,#4350,.F.);
#5015=EDGE_LOOP('',(#5011,#5012,#5013,#5014));
#5016=FACE_BOUND('',#5015,.T.);
#5017=ADVANCED_FACE('',(#5016),#5010,.T.);
#5018=CARTESIAN_POINT('',(-211.6887,-19.0318,2.));
#5019=DIRECTION('',(0.,0.,1.));
#5020=DIRECTION('',(1.,0.,-0.));
#5021=AXIS2_PLACEMENT_3D('',#5018,#5019,#5020);
#5022=TOROIDAL_SURFACE('',#5021,1.5,1.);
#5023=CARTESIAN_POINT('',(-213.1887,-19.0318,2.));
#5024=DIRECTION('',(0.,-1.,0.));
#5025=DIRECTION('',(0.,0.,-1.));
#5026=AXIS2_PLACEMENT_3D('',#5023,#5024,#5025);
#5027=CIRCLE('',#5026,1.);
#5028=EDGE_CURVE('',#2188,#3972,#5027,.T.);
#5029=ORIENTED_EDGE('',*,*,#5028,.F.);
#5030=ORIENTED_EDGE('',*,*,#2194,.F.);
#5031=CARTESIAN_POINT('',(-211.6887,-17.5318,2.));
#5032=DIRECTION('',(1.,0.,0.));
#5033=DIRECTION('',(0.,0.,-1.));
#5034=AXIS2_PLACEMENT_3D('',#5031,#5032,#5033);
#5035=CIRCLE('',#5034,1.);
#5036=EDGE_CURVE('',#3996,#2180,#5035,.T.);
#5037=ORIENTED_EDGE('',*,*,#5036,.F.);
#5038=ORIENTED_EDGE('',*,*,#4002,.F.);
#5039=EDGE_LOOP('',(#5029,#5030,#5037,#5038));
#5040=FACE_BOUND('',#5039,.T.);
#5041=ADVANCED_FACE('',(#5040),#5022,.T.);
#5042=CARTESIAN_POINT('',(-203.6887,-17.5318,2.));
#5043=DIRECTION('',(-1.,0.,0.));
#5044=DIRECTION('',(0.,0.,1.));
#5045=AXIS2_PLACEMENT_3D('',#5042,#5043,#5044);
#5046=CYLINDRICAL_SURFACE('',#5045,1.);
#5047=ORIENTED_EDGE('',*,*,#5036,.T.);
#5048=ORIENTED_EDGE('',*,*,#2185,.F.);
#5049=CARTESIAN_POINT('',(-203.6887,-17.5318,2.));
#5050=DIRECTION('',(1.,0.,0.));
#5051=DIRECTION('',(0.,0.,-1.));
#5052=AXIS2_PLACEMENT_3D('',#5049,#5050,#5051);
#5053=CIRCLE('',#5052,1.);
#5054=EDGE_CURVE('',#4021,#2171,#5053,.T.);
#5055=ORIENTED_EDGE('',*,*,#5054,.F.);
#5056=ORIENTED_EDGE('',*,*,#4026,.F.);
#5057=EDGE_LOOP('',(#5047,#5048,#5055,#5056));
#5058=FACE_BOUND('',#5057,.T.);
#5059=ADVANCED_FACE('',(#5058),#5046,.T.);
#5060=CARTESIAN_POINT('',(-213.1887,-20.1318,2.));
#5061=DIRECTION('',(0.,-1.,0.));
#5062=DIRECTION('',(0.,0.,-1.));
#5063=AXIS2_PLACEMENT_3D('',#5060,#5061,#5062);
#5064=CYLINDRICAL_SURFACE('',#5063,1.);
#5065=ORIENTED_EDGE('',*,*,#5028,.T.);
#5066=ORIENTED_EDGE('',*,*,#3977,.F.);
#5067=CARTESIAN_POINT('',(-213.1887,-26.0587,2.));
#5068=DIRECTION('',(0.,-1.,0.));
#5069=DIRECTION('',(0.,0.,-1.));
#5070=AXIS2_PLACEMENT_3D('',#5067,#5068,#5069);
#5071=CIRCLE('',#5070,1.);
#5072=EDGE_CURVE('',#2197,#3947,#5071,.T.);
#5073=ORIENTED_EDGE('',*,*,#5072,.F.);
#5074=ORIENTED_EDGE('',*,*,#2202,.F.);
#5075=EDGE_LOOP('',(#5065,#5066,#5073,#5074));
#5076=FACE_BOUND('',#5075,.T.);
#5077=ADVANCED_FACE('',(#5076),#5064,.T.);
#5078=CARTESIAN_POINT('',(-203.6887,-19.0318,2.));
#5079=DIRECTION('',(0.,0.,1.));
#5080=DIRECTION('',(1.,0.,-0.));
#5081=AXIS2_PLACEMENT_3D('',#5078,#5079,#5080);
#5082=TOROIDAL_SURFACE('',#5081,1.5,1.);
#5083=ORIENTED_EDGE('',*,*,#5054,.T.);
#5084=ORIENTED_EDGE('',*,*,#2177,.F.);
#5085=CARTESIAN_POINT('',(-202.1887,-19.0318,2.));
#5086=DIRECTION('',(0.,-1.,0.));
#5087=DIRECTION('',(0.,0.,-1.));
#5088=AXIS2_PLACEMENT_3D('',#5085,#5086,#5087);
#5089=CIRCLE('',#5088,1.);
#5090=EDGE_CURVE('',#4045,#2163,#5089,.T.);
#5091=ORIENTED_EDGE('',*,*,#5090,.F.);
#5092=ORIENTED_EDGE('',*,*,#4051,.F.);
#5093=EDGE_LOOP('',(#5083,#5084,#5091,#5092));
#5094=FACE_BOUND('',#5093,.T.);
#5095=ADVANCED_FACE('',(#5094),#5082,.T.);
#5096=CARTESIAN_POINT('',(-211.6887,-26.0587,2.));
#5097=DIRECTION('',(0.,0.,1.));
#5098=DIRECTION('',(1.,0.,-0.));
#5099=AXIS2_PLACEMENT_3D('',#5096,#5097,#5098);
#5100=TOROIDAL_SURFACE('',#5099,1.5,1.);
#5101=ORIENTED_EDGE('',*,*,#5072,.T.);
#5102=ORIENTED_EDGE('',*,*,#3953,.F.);
#5103=CARTESIAN_POINT('',(-211.6887,-27.5587,2.));
#5104=DIRECTION('',(1.,0.,0.));
#5105=DIRECTION('',(0.,0.,-1.));
#5106=AXIS2_PLACEMENT_3D('',#5103,#5104,#5105);
#5107=CIRCLE('',#5106,1.);
#5108=EDGE_CURVE('',#2144,#3923,#5107,.T.);
#5109=ORIENTED_EDGE('',*,*,#5108,.F.);
#5110=ORIENTED_EDGE('',*,*,#2209,.F.);
#5111=EDGE_LOOP('',(#5101,#5102,#5109,#5110));
#5112=FACE_BOUND('',#5111,.T.);
#5113=ADVANCED_FACE('',(#5112),#5100,.T.);
#5114=CARTESIAN_POINT('',(-202.1887,-28.0587,2.));
#5115=DIRECTION('',(0.,1.,0.));
#5116=DIRECTION('',(0.,-0.,1.));
#5117=AXIS2_PLACEMENT_3D('',#5114,#5115,#5116);
#5118=CYLINDRICAL_SURFACE('',#5117,1.);
#5119=ORIENTED_EDGE('',*,*,#5090,.T.);
#5120=ORIENTED_EDGE('',*,*,#2168,.F.);
#5121=CARTESIAN_POINT('',(-202.1887,-26.0587,2.));
#5122=DIRECTION('',(0.,-1.,0.));
#5123=DIRECTION('',(0.,0.,-1.));
#5124=AXIS2_PLACEMENT_3D('',#5121,#5122,#5123);
#5125=CIRCLE('',#5124,1.);
#5126=EDGE_CURVE('',#4070,#2154,#5125,.T.);
#5127=ORIENTED_EDGE('',*,*,#5126,.F.);
#5128=ORIENTED_EDGE('',*,*,#4075,.F.);
#5129=EDGE_LOOP('',(#5119,#5120,#5127,#5128));
#5130=FACE_BOUND('',#5129,.T.);
#5131=ADVANCED_FACE('',(#5130),#5118,.T.);
#5132=CARTESIAN_POINT('',(-212.1887,-27.5587,2.));
#5133=DIRECTION('',(1.,0.,0.));
#5134=DIRECTION('',(0.,0.,-1.));
#5135=AXIS2_PLACEMENT_3D('',#5132,#5133,#5134);
#5136=CYLINDRICAL_SURFACE('',#5135,1.);
#5137=ORIENTED_EDGE('',*,*,#5108,.T.);
#5138=ORIENTED_EDGE('',*,*,#3928,.F.);
#5139=CARTESIAN_POINT('',(-203.6887,-27.5587,2.));
#5140=DIRECTION('',(1.,0.,0.));
#5141=DIRECTION('',(0.,0.,-1.));
#5142=AXIS2_PLACEMENT_3D('',#5139,#5140,#5141);
#5143=CIRCLE('',#5142,1.);
#5144=EDGE_CURVE('',#2146,#3915,#5143,.T.);
#5145=ORIENTED_EDGE('',*,*,#5144,.F.);
#5146=ORIENTED_EDGE('',*,*,#2151,.F.);
#5147=EDGE_LOOP('',(#5137,#5138,#5145,#5146));
#5148=FACE_BOUND('',#5147,.T.);
#5149=ADVANCED_FACE('',(#5148),#5136,.T.);
#5150=CARTESIAN_POINT('',(-203.6887,-26.0587,2.));
#5151=DIRECTION('',(0.,0.,1.));
#5152=DIRECTION('',(1.,0.,-0.));
#5153=AXIS2_PLACEMENT_3D('',#5150,#5151,#5152);
#5154=TOROIDAL_SURFACE('',#5153,1.5,1.);
#5155=ORIENTED_EDGE('',*,*,#5126,.T.);
#5156=ORIENTED_EDGE('',*,*,#2160,.F.);
#5157=ORIENTED_EDGE('',*,*,#5144,.T.);
#5158=ORIENTED_EDGE('',*,*,#4098,.F.);
#5159=EDGE_LOOP('',(#5155,#5156,#5157,#5158));
#5160=FACE_BOUND('',#5159,.T.);
#5161=ADVANCED_FACE('',(#5160),#5154,.T.);
#5162=CARTESIAN_POINT('',(-223.98,-19.03,2.));
#5163=DIRECTION('',(0.,0.,1.));
#5164=DIRECTION('',(1.,0.,-0.));
#5165=AXIS2_PLACEMENT_3D('',#5162,#5163,#5164);
#5166=TOROIDAL_SURFACE('',#5165,1.5,1.);
#5167=CARTESIAN_POINT('',(-223.98,-20.53,2.));
#5168=DIRECTION('',(1.,0.,0.));
#5169=DIRECTION('',(0.,0.,-1.));
#5170=AXIS2_PLACEMENT_3D('',#5167,#5168,#5169);
#5171=CIRCLE('',#5170,1.);
#5172=EDGE_CURVE('',#2118,#3554,#5171,.T.);
#5173=ORIENTED_EDGE('',*,*,#5172,.F.);
#5174=ORIENTED_EDGE('',*,*,#2124,.F.);
#5175=CARTESIAN_POINT('',(-225.48,-19.03,2.));
#5176=DIRECTION('',(0.,1.,0.));
#5177=DIRECTION('',(0.,-0.,1.));
#5178=AXIS2_PLACEMENT_3D('',#5175,#5176,#5177);
#5179=CIRCLE('',#5178,1.);
#5180=EDGE_CURVE('',#3523,#2110,#5179,.T.);
#5181=ORIENTED_EDGE('',*,*,#5180,.F.);
#5182=ORIENTED_EDGE('',*,*,#3566,.F.);
#5183=EDGE_LOOP('',(#5173,#5174,#5181,#5182));
#5184=FACE_BOUND('',#5183,.T.);
#5185=ADVANCED_FACE('',(#5184),#5166,.T.);
#5186=CARTESIAN_POINT('',(-225.48,-14.03,2.));
#5187=DIRECTION('',(0.,-1.,0.));
#5188=DIRECTION('',(0.,0.,-1.));
#5189=AXIS2_PLACEMENT_3D('',#5186,#5187,#5188);
#5190=CYLINDRICAL_SURFACE('',#5189,1.);
#5191=ORIENTED_EDGE('',*,*,#5180,.T.);
#5192=ORIENTED_EDGE('',*,*,#2115,.F.);
#5193=CARTESIAN_POINT('',(-225.48,-14.03,2.));
#5194=DIRECTION('',(0.,1.,0.));
#5195=DIRECTION('',(0.,-0.,1.));
#5196=AXIS2_PLACEMENT_3D('',#5193,#5194,#5195);
#5197=CIRCLE('',#5196,1.);
#5198=EDGE_CURVE('',#3531,#2101,#5197,.T.);
#5199=ORIENTED_EDGE('',*,*,#5198,.F.);
#5200=ORIENTED_EDGE('',*,*,#3536,.F.);
#5201=EDGE_LOOP('',(#5191,#5192,#5199,#5200));
#5202=FACE_BOUND('',#5201,.T.);
#5203=ADVANCED_FACE('',(#5202),#5190,.T.);
#5204=CARTESIAN_POINT('',(-223.98,-20.53,2.));
#5205=DIRECTION('',(1.,0.,0.));
#5206=DIRECTION('',(0.,0.,-1.));
#5207=AXIS2_PLACEMENT_3D('',#5204,#5205,#5206);
#5208=CYLINDRICAL_SURFACE('',#5207,1.);
#5209=ORIENTED_EDGE('',*,*,#5172,.T.);
#5210=ORIENTED_EDGE('',*,*,#3590,.F.);
#5211=CARTESIAN_POINT('',(-216.78,-20.53,2.));
#5212=DIRECTION('',(1.,0.,0.));
#5213=DIRECTION('',(0.,0.,-1.));
#5214=AXIS2_PLACEMENT_3D('',#5211,#5212,#5213);
#5215=CIRCLE('',#5214,1.);
#5216=EDGE_CURVE('',#2127,#3579,#5215,.T.);
#5217=ORIENTED_EDGE('',*,*,#5216,.F.);
#5218=ORIENTED_EDGE('',*,*,#2132,.F.);
#5219=EDGE_LOOP('',(#5209,#5210,#5217,#5218));
#5220=FACE_BOUND('',#5219,.T.);
#5221=ADVANCED_FACE('',(#5220),#5208,.T.);
#5222=CARTESIAN_POINT('',(-223.98,-14.03,2.));
#5223=DIRECTION('',(0.,0.,1.));
#5224=DIRECTION('',(1.,0.,-0.));
#5225=AXIS2_PLACEMENT_3D('',#5222,#5223,#5224);
#5226=TOROIDAL_SURFACE('',#5225,1.5,1.);
#5227=ORIENTED_EDGE('',*,*,#5198,.T.);
#5228=ORIENTED_EDGE('',*,*,#2107,.F.);
#5229=CARTESIAN_POINT('',(-223.98,-12.53,2.));
#5230=DIRECTION('',(1.,0.,0.));
#5231=DIRECTION('',(0.,0.,-1.));
#5232=AXIS2_PLACEMENT_3D('',#5229,#5230,#5231);
#5233=CIRCLE('',#5232,1.);
#5234=EDGE_CURVE('',#3677,#2093,#5233,.T.);
#5235=ORIENTED_EDGE('',*,*,#5234,.F.);
#5236=ORIENTED_EDGE('',*,*,#3706,.F.);
#5237=EDGE_LOOP('',(#5227,#5228,#5235,#5236));
#5238=FACE_BOUND('',#5237,.T.);
#5239=ADVANCED_FACE('',(#5238),#5226,.T.);
#5240=CARTESIAN_POINT('',(-216.78,-19.03,2.));
#5241=DIRECTION('',(0.,0.,1.));
#5242=DIRECTION('',(1.,0.,-0.));
#5243=AXIS2_PLACEMENT_3D('',#5240,#5241,#5242);
#5244=TOROIDAL_SURFACE('',#5243,1.5,1.);
#5245=ORIENTED_EDGE('',*,*,#5216,.T.);
#5246=ORIENTED_EDGE('',*,*,#3615,.F.);
#5247=CARTESIAN_POINT('',(-215.28,-19.03,2.));
#5248=DIRECTION('',(0.,1.,0.));
#5249=DIRECTION('',(0.,-0.,1.));
#5250=AXIS2_PLACEMENT_3D('',#5247,#5248,#5249);
#5251=CIRCLE('',#5250,1.);
#5252=EDGE_CURVE('',#2074,#3603,#5251,.T.);
#5253=ORIENTED_EDGE('',*,*,#5252,.F.);
#5254=ORIENTED_EDGE('',*,*,#2139,.F.);
#5255=EDGE_LOOP('',(#5245,#5246,#5253,#5254));
#5256=FACE_BOUND('',#5255,.T.);
#5257=ADVANCED_FACE('',(#5256),#5244,.T.);
#5258=CARTESIAN_POINT('',(-216.78,-12.53,2.));
#5259=DIRECTION('',(-1.,0.,0.));
#5260=DIRECTION('',(0.,0.,1.));
#5261=AXIS2_PLACEMENT_3D('',#5258,#5259,#5260);
#5262=CYLINDRICAL_SURFACE('',#5261,1.);
#5263=ORIENTED_EDGE('',*,*,#5234,.T.);
#5264=ORIENTED_EDGE('',*,*,#2098,.F.);
#5265=CARTESIAN_POINT('',(-216.78,-12.53,2.));
#5266=DIRECTION('',(1.,0.,0.));
#5267=DIRECTION('',(0.,0.,-1.));
#5268=AXIS2_PLACEMENT_3D('',#5265,#5266,#5267);
#5269=CIRCLE('',#5268,1.);
#5270=EDGE_CURVE('',#3652,#2084,#5269,.T.);
#5271=ORIENTED_EDGE('',*,*,#5270,.F.);
#5272=ORIENTED_EDGE('',*,*,#3688,.F.);
#5273=EDGE_LOOP('',(#5263,#5264,#5271,#5272));
#5274=FACE_BOUND('',#5273,.T.);
#5275=ADVANCED_FACE('',(#5274),#5262,.T.);
#5276=CARTESIAN_POINT('',(-215.28,-19.03,2.));
#5277=DIRECTION('',(0.,1.,0.));
#5278=DIRECTION('',(0.,-0.,1.));
#5279=AXIS2_PLACEMENT_3D('',#5276,#5277,#5278);
#5280=CYLINDRICAL_SURFACE('',#5279,1.);
#5281=ORIENTED_EDGE('',*,*,#5252,.T.);
#5282=ORIENTED_EDGE('',*,*,#3639,.F.);
#5283=CARTESIAN_POINT('',(-215.28,-14.03,2.));
#5284=DIRECTION('',(0.,1.,0.));
#5285=DIRECTION('',(0.,-0.,1.));
#5286=AXIS2_PLACEMENT_3D('',#5283,#5284,#5285);
#5287=CIRCLE('',#5286,1.);
#5288=EDGE_CURVE('',#2076,#3628,#5287,.T.);
#5289=ORIENTED_EDGE('',*,*,#5288,.F.);
#5290=ORIENTED_EDGE('',*,*,#2081,.F.);
#5291=EDGE_LOOP('',(#5281,#5282,#5289,#5290));
#5292=FACE_BOUND('',#5291,.T.);
#5293=ADVANCED_FACE('',(#5292),#5280,.T.);
#5294=CARTESIAN_POINT('',(-216.78,-14.03,2.));
#5295=DIRECTION('',(0.,0.,1.));
#5296=DIRECTION('',(1.,0.,-0.));
#5297=AXIS2_PLACEMENT_3D('',#5294,#5295,#5296);
#5298=TOROIDAL_SURFACE('',#5297,1.5,1.);
#5299=ORIENTED_EDGE('',*,*,#5270,.T.);
#5300=ORIENTED_EDGE('',*,*,#2090,.F.);
#5301=ORIENTED_EDGE('',*,*,#5288,.T.);
#5302=ORIENTED_EDGE('',*,*,#3664,.F.);
#5303=EDGE_LOOP('',(#5299,#5300,#5301,#5302));
#5304=FACE_BOUND('',#5303,.T.);
#5305=ADVANCED_FACE('',(#5304),#5298,.T.);
#5306=CARTESIAN_POINT('',(-227.1,-27.94,2.));
#5307=DIRECTION('',(0.,0.,1.));
#5308=DIRECTION('',(1.,0.,-0.));
#5309=AXIS2_PLACEMENT_3D('',#5306,#5307,#5308);
#5310=TOROIDAL_SURFACE('',#5309,1.5,1.);
#5311=CARTESIAN_POINT('',(-225.6,-27.94,2.));
#5312=DIRECTION('',(0.,1.,0.));
#5313=DIRECTION('',(0.,-0.,1.));
#5314=AXIS2_PLACEMENT_3D('',#5311,#5312,#5313);
#5315=CIRCLE('',#5314,1.);
#5316=EDGE_CURVE('',#2048,#4240,#5315,.T.);
#5317=ORIENTED_EDGE('',*,*,#5316,.F.);
#5318=ORIENTED_EDGE('',*,*,#2054,.F.);
#5319=CARTESIAN_POINT('',(-227.1,-29.44,2.));
#5320=DIRECTION('',(-1.,0.,0.));
#5321=DIRECTION('',(0.,0.,1.));
#5322=AXIS2_PLACEMENT_3D('',#5319,#5320,#5321);
#5323=CIRCLE('',#5322,1.);
#5324=EDGE_CURVE('',#4216,#2040,#5323,.T.);
#5325=ORIENTED_EDGE('',*,*,#5324,.F.);
#5326=ORIENTED_EDGE('',*,*,#4252,.F.);
#5327=EDGE_LOOP('',(#5317,#5318,#5325,#5326));
#5328=FACE_BOUND('',#5327,.T.);
#5329=ADVANCED_FACE('',(#5328),#5310,.T.);
#5330=CARTESIAN_POINT('',(-242.1,-29.44,2.));
#5331=DIRECTION('',(1.,0.,0.));
#5332=DIRECTION('',(0.,0.,-1.));
#5333=AXIS2_PLACEMENT_3D('',#5330,#5331,#5332);
#5334=CYLINDRICAL_SURFACE('',#5333,1.);
#5335=ORIENTED_EDGE('',*,*,#5324,.T.);
#5336=ORIENTED_EDGE('',*,*,#2045,.F.);
#5337=CARTESIAN_POINT('',(-242.1,-29.44,2.));
#5338=DIRECTION('',(-1.,0.,0.));
#5339=DIRECTION('',(0.,0.,1.));
#5340=AXIS2_PLACEMENT_3D('',#5337,#5338,#5339);
#5341=CIRCLE('',#5340,1.);
#5342=EDGE_CURVE('',#4191,#2031,#5341,.T.);
#5343=ORIENTED_EDGE('',*,*,#5342,.F.);
#5344=ORIENTED_EDGE('',*,*,#4227,.F.);
#5345=EDGE_LOOP('',(#5335,#5336,#5343,#5344));
#5346=FACE_BOUND('',#5345,.T.);
#5347=ADVANCED_FACE('',(#5346),#5334,.T.);
#5348=CARTESIAN_POINT('',(-225.6,-27.94,2.));
#5349=DIRECTION('',(0.,1.,0.));
#5350=DIRECTION('',(0.,-0.,1.));
#5351=AXIS2_PLACEMENT_3D('',#5348,#5349,#5350);
#5352=CYLINDRICAL_SURFACE('',#5351,1.);
#5353=ORIENTED_EDGE('',*,*,#5316,.T.);
#5354=ORIENTED_EDGE('',*,*,#4276,.F.);
#5355=CARTESIAN_POINT('',(-225.6,-20.615,2.));
#5356=DIRECTION('',(0.,1.,0.));
#5357=DIRECTION('',(0.,-0.,1.));
#5358=AXIS2_PLACEMENT_3D('',#5355,#5356,#5357);
#5359=CIRCLE('',#5358,1.);
#5360=EDGE_CURVE('',#2057,#4265,#5359,.T.);
#5361=ORIENTED_EDGE('',*,*,#5360,.F.);
#5362=ORIENTED_EDGE('',*,*,#2062,.F.);
#5363=EDGE_LOOP('',(#5353,#5354,#5361,#5362));
#5364=FACE_BOUND('',#5363,.T.);
#5365=ADVANCED_FACE('',(#5364),#5352,.T.);
#5366=CARTESIAN_POINT('',(-242.1,-27.94,2.));
#5367=DIRECTION('',(0.,0.,1.));
#5368=DIRECTION('',(1.,0.,-0.));
#5369=AXIS2_PLACEMENT_3D('',#5366,#5367,#5368);
#5370=TOROIDAL_SURFACE('',#5369,1.5,1.);
#5371=ORIENTED_EDGE('',*,*,#5342,.T.);
#5372=ORIENTED_EDGE('',*,*,#2037,.F.);
#5373=CARTESIAN_POINT('',(-243.6,-27.94,2.));
#5374=DIRECTION('',(0.,1.,-0.));
#5375=DIRECTION('',(0.,0.,1.));
#5376=AXIS2_PLACEMENT_3D('',#5373,#5374,#5375);
#5377=CIRCLE('',#5376,1.);
#5378=EDGE_CURVE('',#4167,#2023,#5377,.T.);
#5379=ORIENTED_EDGE('',*,*,#5378,.F.);
#5380=ORIENTED_EDGE('',*,*,#4203,.F.);
#5381=EDGE_LOOP('',(#5371,#5372,#5379,#5380));
#5382=FACE_BOUND('',#5381,.T.);
#5383=ADVANCED_FACE('',(#5382),#5370,.T.);
#5384=CARTESIAN_POINT('',(-227.1,-20.615,2.));
#5385=DIRECTION('',(0.,0.,1.));
#5386=DIRECTION('',(1.,0.,-0.));
#5387=AXIS2_PLACEMENT_3D('',#5384,#5385,#5386);
#5388=TOROIDAL_SURFACE('',#5387,1.5,1.);
#5389=ORIENTED_EDGE('',*,*,#5360,.T.);
#5390=ORIENTED_EDGE('',*,*,#4294,.F.);
#5391=CARTESIAN_POINT('',(-227.1,-19.115,2.));
#5392=DIRECTION('',(-1.,0.,0.));
#5393=DIRECTION('',(0.,0.,1.));
#5394=AXIS2_PLACEMENT_3D('',#5391,#5392,#5393);
#5395=CIRCLE('',#5394,1.);
#5396=EDGE_CURVE('',#2004,#4119,#5395,.T.);
#5397=ORIENTED_EDGE('',*,*,#5396,.F.);
#5398=ORIENTED_EDGE('',*,*,#2069,.F.);
#5399=EDGE_LOOP('',(#5389,#5390,#5397,#5398));
#5400=FACE_BOUND('',#5399,.T.);
#5401=ADVANCED_FACE('',(#5400),#5388,.T.);
#5402=CARTESIAN_POINT('',(-243.6,-18.915,2.));
#5403=DIRECTION('',(0.,-1.,0.));
#5404=DIRECTION('',(0.,0.,-1.));
#5405=AXIS2_PLACEMENT_3D('',#5402,#5403,#5404);
#5406=CYLINDRICAL_SURFACE('',#5405,1.);
#5407=ORIENTED_EDGE('',*,*,#5378,.T.);
#5408=ORIENTED_EDGE('',*,*,#2028,.F.);
#5409=CARTESIAN_POINT('',(-243.6,-20.615,2.));
#5410=DIRECTION('',(0.,1.,0.));
#5411=DIRECTION('',(0.,-0.,1.));
#5412=AXIS2_PLACEMENT_3D('',#5409,#5410,#5411);
#5413=CIRCLE('',#5412,1.);
#5414=EDGE_CURVE('',#4142,#2014,#5413,.T.);
#5415=ORIENTED_EDGE('',*,*,#5414,.F.);
#5416=ORIENTED_EDGE('',*,*,#4178,.F.);
#5417=EDGE_LOOP('',(#5407,#5408,#5415,#5416));
#5418=FACE_BOUND('',#5417,.T.);
#5419=ADVANCED_FACE('',(#5418),#5406,.T.);
#5420=CARTESIAN_POINT('',(-226.6,-19.115,2.));
#5421=DIRECTION('',(-1.,0.,0.));
#5422=DIRECTION('',(0.,0.,1.));
#5423=AXIS2_PLACEMENT_3D('',#5420,#5421,#5422);
#5424=CYLINDRICAL_SURFACE('',#5423,1.);
#5425=ORIENTED_EDGE('',*,*,#5396,.T.);
#5426=ORIENTED_EDGE('',*,*,#4124,.F.);
#5427=CARTESIAN_POINT('',(-242.1,-19.115,2.));
#5428=DIRECTION('',(-1.,0.,0.));
#5429=DIRECTION('',(0.,0.,1.));
#5430=AXIS2_PLACEMENT_3D('',#5427,#5428,#5429);
#5431=CIRCLE('',#5430,1.);
#5432=EDGE_CURVE('',#2006,#4111,#5431,.T.);
#5433=ORIENTED_EDGE('',*,*,#5432,.F.);
#5434=ORIENTED_EDGE('',*,*,#2011,.F.);
#5435=EDGE_LOOP('',(#5425,#5426,#5433,#5434));
#5436=FACE_BOUND('',#5435,.T.);
#5437=ADVANCED_FACE('',(#5436),#5424,.T.);
#5438=CARTESIAN_POINT('',(-242.1,-20.615,2.));
#5439=DIRECTION('',(0.,0.,1.));
#5440=DIRECTION('',(1.,0.,-0.));
#5441=AXIS2_PLACEMENT_3D('',#5438,#5439,#5440);
#5442=TOROIDAL_SURFACE('',#5441,1.5,1.);
#5443=ORIENTED_EDGE('',*,*,#5414,.T.);
#5444=ORIENTED_EDGE('',*,*,#2020,.F.);
#5445=ORIENTED_EDGE('',*,*,#5432,.T.);
#5446=ORIENTED_EDGE('',*,*,#4154,.F.);
#5447=EDGE_LOOP('',(#5443,#5444,#5445,#5446));
#5448=FACE_BOUND('',#5447,.T.);
#5449=ADVANCED_FACE('',(#5448),#5442,.T.);
#5450=CLOSED_SHELL('',(#1643,#1717,#1749,#1780,#1821,#1843,#1883,#1916,#1940,#1964,#1997,#2575,#2606,#2637,#2668,#2725,#2774,#2786,#2798,#2810,#2822,#3315,#3346,#3371,#3395,#3420,
#3444,#3462,#3480,#3498,#3516,#3547,#3572,#3596,#3621,#3645,#3670,#3694,#3712,#3743,#3768,#3792,#3817,#3841,#3866,#3890,#3908,#3939,#3964,#3988,#4013,
#4037,#4062,#4086,#4104,#4135,#4160,#4184,#4209,#4233,#4258,#4282,#4300,#4331,#4356,#4380,#4405,#4429,#4454,#4478,#4496,#4514,#4532,#4566,#4585,#4609,
#4627,#4645,#4663,#4681,#4699,#4717,#4729,#4753,#4771,#4789,#4807,#4825,#4843,#4861,#4873,#4897,#4915,#4933,#4951,#4969,#4987,#5005,#5017,#5041,#5059,
#5077,#5095,#5113,#5131,#5149,#5161,#5185,#5203,#5221,#5239,#5257,#5275,#5293,#5305,#5329,#5347,#5365,#5383,#5401,#5419,#5437,#5449));
#5451=MANIFOLD_SOLID_BREP('Imported 09 (2)',#5450);
#1603=STYLED_ITEM('',(#1479),#5451);
#1584=SHAPE_REPRESENTATION('SG-3_5',(#15),#1582);
#1585=ADVANCED_BREP_SHAPE_REPRESENTATION('SG-3_5',(#5451),#1582);
#5459=SHAPE_REPRESENTATION_RELATIONSHIP('','',#1584,#1585);
#5460=CARTESIAN_POINT('',(0.,0.,0.));
#5461=DIRECTION('',(0.,0.,1.));
#5462=DIRECTION('',(1.,0.,0.));
#5463=AXIS2_PLACEMENT_3D('',#5460,#5461,#5462);
#5465=MAPPED_ITEM('',#5464,#5463);
#5464=REPRESENTATION_MAP(#5463,#1584);
#1592=PRODUCT('SG-3_5','SG-3_5','',(#1496));
#5466=PRODUCT_RELATED_PRODUCT_CATEGORY('part','',(#1592));
#5467=PRODUCT_DEFINITION_FORMATION_WITH_SPECIFIED_SOURCE('','',#1592,.NOT_KNOWN.);
#1593=PRODUCT_DEFINITION('design','',#5467,#1497);
#1591=PRODUCT_DEFINITION_SHAPE('','',#1593);
#5468=SHAPE_DEFINITION_REPRESENTATION(#1591,#1584);
#1583=DRAUGHTING_MODEL('',(#5465),#1582);
#35=SHAPE_REPRESENTATION('00-35-_ASM_24',(#15,#76,#1523,#1560,#1597),#33);
#5469=CARTESIAN_POINT('',(0.,0.,0.));
#5470=DIRECTION('',(0.,0.,1.));
#5471=DIRECTION('',(1.,0.,0.));
#5472=AXIS2_PLACEMENT_3D('',#5469,#5470,#5471);
#5474=MAPPED_ITEM('',#5473,#5472);
#5473=REPRESENTATION_MAP(#5472,#35);
#43=PRODUCT('00-35-_ASM_24','00-35-_ASM_24','',(#1496));
#5475=PRODUCT_RELATED_PRODUCT_CATEGORY('part','',(#43));
#5476=PRODUCT_DEFINITION_FORMATION_WITH_SPECIFIED_SOURCE('','',#43,.NOT_KNOWN.);
#44=PRODUCT_DEFINITION('design','',#5476,#1497);
#42=PRODUCT_DEFINITION_SHAPE('','',#44);
#5477=SHAPE_DEFINITION_REPRESENTATION(#42,#35);
#34=DRAUGHTING_MODEL('',(#5474),#33);
#5478=(NAMED_UNIT(*)PLANE_ANGLE_UNIT()SI_UNIT($,.RADIAN.));
#5479=PLANE_ANGLE_MEASURE_WITH_UNIT(PLANE_ANGLE_MEASURE(0.0174532925),#5478);
#5480=(CONVERSION_BASED_UNIT('DEGREE',#5479)NAMED_UNIT(#5481)PLANE_ANGLE_UNIT());
#5481=DIMENSIONAL_EXPONENTS(0.,0.,0.,0.,0.,0.,0.);
#5482=(NAMED_UNIT(*)SI_UNIT($,.STERADIAN.)SOLID_ANGLE_UNIT());
#5483=(LENGTH_UNIT()NAMED_UNIT(*)SI_UNIT(.MILLI.,.METRE.));
#5484=UNCERTAINTY_MEASURE_WITH_UNIT(LENGTH_MEASURE(1.000000E-03),#5483,'DISTANCE_ACCURACY_VALUE','Maximum Tolerance applied to model');
#5485=(GEOMETRIC_REPRESENTATION_CONTEXT(3)GLOBAL_UNCERTAINTY_ASSIGNED_CONTEXT((#5484))GLOBAL_UNIT_ASSIGNED_CONTEXT((#5483,#5480,#5482))REPRESENTATION_CONTEXT('','ZM_M3_12'));
#5497=CARTESIAN_POINT('',(0.,0.,0.));
#5498=DIRECTION('',(0.,0.,1.));
#5499=DIRECTION('',(1.,0.,-0.));
#5500=AXIS2_PLACEMENT_3D('',#5497,#5498,#5499);
#5501=ITEM_DEFINED_TRANSFORMATION('','',#5500,#15);
#5502=(REPRESENTATION_RELATIONSHIP('','',#5487,#16)REPRESENTATION_RELATIONSHIP_WITH_TRANSFORMATION(#5501)SHAPE_REPRESENTATION_RELATIONSHIP());
#5503=NEXT_ASSEMBLY_USAGE_OCCURRENCE('ZM_M3_12_6','ZM_M3_12','ZM_M3_12',#25,#5496,$);
#5504=PRODUCT_DEFINITION_SHAPE('','',#5503);
#5505=CONTEXT_DEPENDENT_SHAPE_REPRESENTATION(#5502,#5504);
#5487=SHAPE_REPRESENTATION('ZM_M3_12',(#15),#5485);
#5506=CARTESIAN_POINT('',(0.,0.,0.));
#5507=DIRECTION('',(0.,0.,1.));
#5508=DIRECTION('',(1.,0.,0.));
#5509=AXIS2_PLACEMENT_3D('',#5506,#5507,#5508);
#5511=MAPPED_ITEM('',#5510,#5509);
#5510=REPRESENTATION_MAP(#5509,#5487);
#5495=PRODUCT('ZM_M3_12','ZM_M3_12','',(#1496));
#5512=PRODUCT_RELATED_PRODUCT_CATEGORY('part','',(#5495));
#5513=PRODUCT_DEFINITION_FORMATION_WITH_SPECIFIED_SOURCE('','',#5495,.NOT_KNOWN.);
#5496=PRODUCT_DEFINITION('design','',#5513,#1497);
#5494=PRODUCT_DEFINITION_SHAPE('','',#5496);
#5514=SHAPE_DEFINITION_REPRESENTATION(#5494,#5487);
#5486=DRAUGHTING_MODEL('',(#5511),#5485);
#5515=(NAMED_UNIT(*)PLANE_ANGLE_UNIT()SI_UNIT($,.RADIAN.));
#5516=PLANE_ANGLE_MEASURE_WITH_UNIT(PLANE_ANGLE_MEASURE(0.0174532925),#5515);
#5517=(CONVERSION_BASED_UNIT('DEGREE',#5516)NAMED_UNIT(#5518)PLANE_ANGLE_UNIT());
#5518=DIMENSIONAL_EXPONENTS(0.,0.,0.,0.,0.,0.,0.);
#5519=(NAMED_UNIT(*)SI_UNIT($,.STERADIAN.)SOLID_ANGLE_UNIT());
#5520=(LENGTH_UNIT()NAMED_UNIT(*)SI_UNIT(.MILLI.,.METRE.));
#5521=UNCERTAINTY_MEASURE_WITH_UNIT(LENGTH_MEASURE(1.000000E-03),#5520,'DISTANCE_ACCURACY_VALUE','Maximum Tolerance applied to model');
#5522=(GEOMETRIC_REPRESENTATION_CONTEXT(3)GLOBAL_UNCERTAINTY_ASSIGNED_CONTEXT((#5521))GLOBAL_UNIT_ASSIGNED_CONTEXT((#5520,#5517,#5519))REPRESENTATION_CONTEXT('','ZM_M3_12'));
#5534=CARTESIAN_POINT('',(0.,0.,0.));
#5535=DIRECTION('',(0.,0.,1.));
#5536=DIRECTION('',(1.,0.,-0.));
#5537=AXIS2_PLACEMENT_3D('',#5534,#5535,#5536);
#5538=ITEM_DEFINED_TRANSFORMATION('','',#5537,#15);
#5539=(REPRESENTATION_RELATIONSHIP('','',#5524,#16)REPRESENTATION_RELATIONSHIP_WITH_TRANSFORMATION(#5538)SHAPE_REPRESENTATION_RELATIONSHIP());
#5540=NEXT_ASSEMBLY_USAGE_OCCURRENCE('ZM_M3_12_7','ZM_M3_12','ZM_M3_12',#25,#5533,$);
#5541=PRODUCT_DEFINITION_SHAPE('','',#5540);
#5542=CONTEXT_DEPENDENT_SHAPE_REPRESENTATION(#5539,#5541);
#5524=SHAPE_REPRESENTATION('ZM_M3_12',(#15),#5522);
#5543=CARTESIAN_POINT('',(0.,0.,0.));
#5544=DIRECTION('',(0.,0.,1.));
#5545=DIRECTION('',(1.,0.,0.));
#5546=AXIS2_PLACEMENT_3D('',#5543,#5544,#5545);
#5548=MAPPED_ITEM('',#5547,#5546);
#5547=REPRESENTATION_MAP(#5546,#5524);
#5532=PRODUCT('ZM_M3_12','ZM_M3_12','',(#1496));
#5549=PRODUCT_RELATED_PRODUCT_CATEGORY('part','',(#5532));
#5550=PRODUCT_DEFINITION_FORMATION_WITH_SPECIFIED_SOURCE('','',#5532,.NOT_KNOWN.);
#5533=PRODUCT_DEFINITION('design','',#5550,#1497);
#5531=PRODUCT_DEFINITION_SHAPE('','',#5533);
#5551=SHAPE_DEFINITION_REPRESENTATION(#5531,#5524);
#5523=DRAUGHTING_MODEL('',(#5548),#5522);
#5552=(NAMED_UNIT(*)PLANE_ANGLE_UNIT()SI_UNIT($,.RADIAN.));
#5553=PLANE_ANGLE_MEASURE_WITH_UNIT(PLANE_ANGLE_MEASURE(0.0174532925),#5552);
#5554=(CONVERSION_BASED_UNIT('DEGREE',#5553)NAMED_UNIT(#5555)PLANE_ANGLE_UNIT());
#5555=DIMENSIONAL_EXPONENTS(0.,0.,0.,0.,0.,0.,0.);
#5556=(NAMED_UNIT(*)SI_UNIT($,.STERADIAN.)SOLID_ANGLE_UNIT());
#5557=(LENGTH_UNIT()NAMED_UNIT(*)SI_UNIT(.MILLI.,.METRE.));
#5558=UNCERTAINTY_MEASURE_WITH_UNIT(LENGTH_MEASURE(1.000000E-03),#5557,'DISTANCE_ACCURACY_VALUE','Maximum Tolerance applied to model');
#5559=(GEOMETRIC_REPRESENTATION_CONTEXT(3)GLOBAL_UNCERTAINTY_ASSIGNED_CONTEXT((#5558))GLOBAL_UNIT_ASSIGNED_CONTEXT((#5557,#5554,#5556))REPRESENTATION_CONTEXT('','ZM_M3_12'));
#5571=CARTESIAN_POINT('',(0.,0.,0.));
#5572=DIRECTION('',(0.,0.,1.));
#5573=DIRECTION('',(1.,0.,-0.));
#5574=AXIS2_PLACEMENT_3D('',#5571,#5572,#5573);
#5575=ITEM_DEFINED_TRANSFORMATION('','',#5574,#15);
#5576=(REPRESENTATION_RELATIONSHIP('','',#5561,#16)REPRESENTATION_RELATIONSHIP_WITH_TRANSFORMATION(#5575)SHAPE_REPRESENTATION_RELATIONSHIP());
#5577=NEXT_ASSEMBLY_USAGE_OCCURRENCE('ZM_M3_12_8','ZM_M3_12','ZM_M3_12',#25,#5570,$);
#5578=PRODUCT_DEFINITION_SHAPE('','',#5577);
#5579=CONTEXT_DEPENDENT_SHAPE_REPRESENTATION(#5576,#5578);
#5561=SHAPE_REPRESENTATION('ZM_M3_12',(#15),#5559);
#5580=CARTESIAN_POINT('',(0.,0.,0.));
#5581=DIRECTION('',(0.,0.,1.));
#5582=DIRECTION('',(1.,0.,0.));
#5583=AXIS2_PLACEMENT_3D('',#5580,#5581,#5582);
#5585=MAPPED_ITEM('',#5584,#5583);
#5584=REPRESENTATION_MAP(#5583,#5561);
#5569=PRODUCT('ZM_M3_12','ZM_M3_12','',(#1496));
#5586=PRODUCT_RELATED_PRODUCT_CATEGORY('part','',(#5569));
#5587=PRODUCT_DEFINITION_FORMATION_WITH_SPECIFIED_SOURCE('','',#5569,.NOT_KNOWN.);
#5570=PRODUCT_DEFINITION('design','',#5587,#1497);
#5568=PRODUCT_DEFINITION_SHAPE('','',#5570);
#5588=SHAPE_DEFINITION_REPRESENTATION(#5568,#5561);
#5560=DRAUGHTING_MODEL('',(#5585),#5559);
#5589=(NAMED_UNIT(*)PLANE_ANGLE_UNIT()SI_UNIT($,.RADIAN.));
#5590=PLANE_ANGLE_MEASURE_WITH_UNIT(PLANE_ANGLE_MEASURE(0.0174532925),#5589);
#5591=(CONVERSION_BASED_UNIT('DEGREE',#5590)NAMED_UNIT(#5592)PLANE_ANGLE_UNIT());
#5592=DIMENSIONAL_EXPONENTS(0.,0.,0.,0.,0.,0.,0.);
#5593=(NAMED_UNIT(*)SI_UNIT($,.STERADIAN.)SOLID_ANGLE_UNIT());
#5594=(LENGTH_UNIT()NAMED_UNIT(*)SI_UNIT(.MILLI.,.METRE.));
#5595=UNCERTAINTY_MEASURE_WITH_UNIT(LENGTH_MEASURE(1.000000E-03),#5594,'DISTANCE_ACCURACY_VALUE','Maximum Tolerance applied to model');
#5596=(GEOMETRIC_REPRESENTATION_CONTEXT(3)GLOBAL_UNCERTAINTY_ASSIGNED_CONTEXT((#5595))GLOBAL_UNIT_ASSIGNED_CONTEXT((#5594,#5591,#5593))REPRESENTATION_CONTEXT('','ZM_M3_12'));
#5608=CARTESIAN_POINT('',(0.,0.,0.));
#5609=DIRECTION('',(0.,0.,1.));
#5610=DIRECTION('',(1.,0.,-0.));
#5611=AXIS2_PLACEMENT_3D('',#5608,#5609,#5610);
#5612=ITEM_DEFINED_TRANSFORMATION('','',#5611,#15);
#5613=(REPRESENTATION_RELATIONSHIP('','',#5598,#16)REPRESENTATION_RELATIONSHIP_WITH_TRANSFORMATION(#5612)SHAPE_REPRESENTATION_RELATIONSHIP());
#5614=NEXT_ASSEMBLY_USAGE_OCCURRENCE('ZM_M3_12_9','ZM_M3_12','ZM_M3_12',#25,#5607,$);
#5615=PRODUCT_DEFINITION_SHAPE('','',#5614);
#5616=CONTEXT_DEPENDENT_SHAPE_REPRESENTATION(#5613,#5615);
#5598=SHAPE_REPRESENTATION('ZM_M3_12',(#15),#5596);
#5617=CARTESIAN_POINT('',(0.,0.,0.));
#5618=DIRECTION('',(0.,0.,1.));
#5619=DIRECTION('',(1.,0.,0.));
#5620=AXIS2_PLACEMENT_3D('',#5617,#5618,#5619);
#5622=MAPPED_ITEM('',#5621,#5620);
#5621=REPRESENTATION_MAP(#5620,#5598);
#5606=PRODUCT('ZM_M3_12','ZM_M3_12','',(#1496));
#5623=PRODUCT_RELATED_PRODUCT_CATEGORY('part','',(#5606));
#5624=PRODUCT_DEFINITION_FORMATION_WITH_SPECIFIED_SOURCE('','',#5606,.NOT_KNOWN.);
#5607=PRODUCT_DEFINITION('design','',#5624,#1497);
#5605=PRODUCT_DEFINITION_SHAPE('','',#5607);
#5625=SHAPE_DEFINITION_REPRESENTATION(#5605,#5598);
#5597=DRAUGHTING_MODEL('',(#5622),#5596);
#5626=(NAMED_UNIT(*)PLANE_ANGLE_UNIT()SI_UNIT($,.RADIAN.));
#5627=PLANE_ANGLE_MEASURE_WITH_UNIT(PLANE_ANGLE_MEASURE(0.0174532925),#5626);
#5628=(CONVERSION_BASED_UNIT('DEGREE',#5627)NAMED_UNIT(#5629)PLANE_ANGLE_UNIT());
#5629=DIMENSIONAL_EXPONENTS(0.,0.,0.,0.,0.,0.,0.);
#5630=(NAMED_UNIT(*)SI_UNIT($,.STERADIAN.)SOLID_ANGLE_UNIT());
#5631=(LENGTH_UNIT()NAMED_UNIT(*)SI_UNIT(.MILLI.,.METRE.));
#5632=UNCERTAINTY_MEASURE_WITH_UNIT(LENGTH_MEASURE(1.000000E-03),#5631,'DISTANCE_ACCURACY_VALUE','Maximum Tolerance applied to model');
#5633=(GEOMETRIC_REPRESENTATION_CONTEXT(3)GLOBAL_UNCERTAINTY_ASSIGNED_CONTEXT((#5632))GLOBAL_UNIT_ASSIGNED_CONTEXT((#5631,#5628,#5630))REPRESENTATION_CONTEXT('','ZM_M2_5'));
#5645=CARTESIAN_POINT('',(0.,0.,0.));
#5646=DIRECTION('',(0.,0.,1.));
#5647=DIRECTION('',(1.,0.,-0.));
#5648=AXIS2_PLACEMENT_3D('',#5645,#5646,#5647);
#5649=ITEM_DEFINED_TRANSFORMATION('','',#5648,#15);
#5650=(REPRESENTATION_RELATIONSHIP('','',#5635,#16)REPRESENTATION_RELATIONSHIP_WITH_TRANSFORMATION(#5649)SHAPE_REPRESENTATION_RELATIONSHIP());
#5651=NEXT_ASSEMBLY_USAGE_OCCURRENCE('ZM_M2_5_10','ZM_M2_5','ZM_M2_5',#25,#5644,$);
#5652=PRODUCT_DEFINITION_SHAPE('','',#5651);
#5653=CONTEXT_DEPENDENT_SHAPE_REPRESENTATION(#5650,#5652);
#5635=SHAPE_REPRESENTATION('ZM_M2_5',(#15),#5633);
#5654=CARTESIAN_POINT('',(0.,0.,0.));
#5655=DIRECTION('',(0.,0.,1.));
#5656=DIRECTION('',(1.,0.,0.));
#5657=AXIS2_PLACEMENT_3D('',#5654,#5655,#5656);
#5659=MAPPED_ITEM('',#5658,#5657);
#5658=REPRESENTATION_MAP(#5657,#5635);
#5643=PRODUCT('ZM_M2_5','ZM_M2_5','',(#1496));
#5660=PRODUCT_RELATED_PRODUCT_CATEGORY('part','',(#5643));
#5661=PRODUCT_DEFINITION_FORMATION_WITH_SPECIFIED_SOURCE('','',#5643,.NOT_KNOWN.);
#5644=PRODUCT_DEFINITION('design','',#5661,#1497);
#5642=PRODUCT_DEFINITION_SHAPE('','',#5644);
#5662=SHAPE_DEFINITION_REPRESENTATION(#5642,#5635);
#5634=DRAUGHTING_MODEL('',(#5659),#5633);
#5663=(NAMED_UNIT(*)PLANE_ANGLE_UNIT()SI_UNIT($,.RADIAN.));
#5664=PLANE_ANGLE_MEASURE_WITH_UNIT(PLANE_ANGLE_MEASURE(0.0174532925),#5663);
#5665=(CONVERSION_BASED_UNIT('DEGREE',#5664)NAMED_UNIT(#5666)PLANE_ANGLE_UNIT());
#5666=DIMENSIONAL_EXPONENTS(0.,0.,0.,0.,0.,0.,0.);
#5667=(NAMED_UNIT(*)SI_UNIT($,.STERADIAN.)SOLID_ANGLE_UNIT());
#5668=(LENGTH_UNIT()NAMED_UNIT(*)SI_UNIT(.MILLI.,.METRE.));
#5669=UNCERTAINTY_MEASURE_WITH_UNIT(LENGTH_MEASURE(1.000000E-03),#5668,'DISTANCE_ACCURACY_VALUE','Maximum Tolerance applied to model');
#5670=(GEOMETRIC_REPRESENTATION_CONTEXT(3)GLOBAL_UNCERTAINTY_ASSIGNED_CONTEXT((#5669))GLOBAL_UNIT_ASSIGNED_CONTEXT((#5668,#5665,#5667))REPRESENTATION_CONTEXT('','ZM_M2_5'));
#5682=CARTESIAN_POINT('',(0.,0.,0.));
#5683=DIRECTION('',(0.,0.,1.));
#5684=DIRECTION('',(1.,0.,-0.));
#5685=AXIS2_PLACEMENT_3D('',#5682,#5683,#5684);
#5686=ITEM_DEFINED_TRANSFORMATION('','',#5685,#15);
#5687=(REPRESENTATION_RELATIONSHIP('','',#5672,#16)REPRESENTATION_RELATIONSHIP_WITH_TRANSFORMATION(#5686)SHAPE_REPRESENTATION_RELATIONSHIP());
#5688=NEXT_ASSEMBLY_USAGE_OCCURRENCE('ZM_M2_5_11','ZM_M2_5','ZM_M2_5',#25,#5681,$);
#5689=PRODUCT_DEFINITION_SHAPE('','',#5688);
#5690=CONTEXT_DEPENDENT_SHAPE_REPRESENTATION(#5687,#5689);
#5672=SHAPE_REPRESENTATION('ZM_M2_5',(#15),#5670);
#5691=CARTESIAN_POINT('',(0.,0.,0.));
#5692=DIRECTION('',(0.,0.,1.));
#5693=DIRECTION('',(1.,0.,0.));
#5694=AXIS2_PLACEMENT_3D('',#5691,#5692,#5693);
#5696=MAPPED_ITEM('',#5695,#5694);
#5695=REPRESENTATION_MAP(#5694,#5672);
#5680=PRODUCT('ZM_M2_5','ZM_M2_5','',(#1496));
#5697=PRODUCT_RELATED_PRODUCT_CATEGORY('part','',(#5680));
#5698=PRODUCT_DEFINITION_FORMATION_WITH_SPECIFIED_SOURCE('','',#5680,.NOT_KNOWN.);
#5681=PRODUCT_DEFINITION('design','',#5698,#1497);
#5679=PRODUCT_DEFINITION_SHAPE('','',#5681);
#5699=SHAPE_DEFINITION_REPRESENTATION(#5679,#5672);
#5671=DRAUGHTING_MODEL('',(#5696),#5670);
#5700=(NAMED_UNIT(*)PLANE_ANGLE_UNIT()SI_UNIT($,.RADIAN.));
#5701=PLANE_ANGLE_MEASURE_WITH_UNIT(PLANE_ANGLE_MEASURE(0.0174532925),#5700);
#5702=(CONVERSION_BASED_UNIT('DEGREE',#5701)NAMED_UNIT(#5703)PLANE_ANGLE_UNIT());
#5703=DIMENSIONAL_EXPONENTS(0.,0.,0.,0.,0.,0.,0.);
#5704=(NAMED_UNIT(*)SI_UNIT($,.STERADIAN.)SOLID_ANGLE_UNIT());
#5705=(LENGTH_UNIT()NAMED_UNIT(*)SI_UNIT(.MILLI.,.METRE.));
#5706=UNCERTAINTY_MEASURE_WITH_UNIT(LENGTH_MEASURE(1.000000E-03),#5705,'DISTANCE_ACCURACY_VALUE','Maximum Tolerance applied to model');
#5707=(GEOMETRIC_REPRESENTATION_CONTEXT(3)GLOBAL_UNCERTAINTY_ASSIGNED_CONTEXT((#5706))GLOBAL_UNIT_ASSIGNED_CONTEXT((#5705,#5702,#5704))REPRESENTATION_CONTEXT('','ZM_M2_5'));
#5719=CARTESIAN_POINT('',(0.,0.,0.));
#5720=DIRECTION('',(0.,0.,1.));
#5721=DIRECTION('',(1.,0.,-0.));
#5722=AXIS2_PLACEMENT_3D('',#5719,#5720,#5721);
#5723=ITEM_DEFINED_TRANSFORMATION('','',#5722,#15);
#5724=(REPRESENTATION_RELATIONSHIP('','',#5709,#16)REPRESENTATION_RELATIONSHIP_WITH_TRANSFORMATION(#5723)SHAPE_REPRESENTATION_RELATIONSHIP());
#5725=NEXT_ASSEMBLY_USAGE_OCCURRENCE('ZM_M2_5_12','ZM_M2_5','ZM_M2_5',#25,#5718,$);
#5726=PRODUCT_DEFINITION_SHAPE('','',#5725);
#5727=CONTEXT_DEPENDENT_SHAPE_REPRESENTATION(#5724,#5726);
#5709=SHAPE_REPRESENTATION('ZM_M2_5',(#15),#5707);
#5728=CARTESIAN_POINT('',(0.,0.,0.));
#5729=DIRECTION('',(0.,0.,1.));
#5730=DIRECTION('',(1.,0.,0.));
#5731=AXIS2_PLACEMENT_3D('',#5728,#5729,#5730);
#5733=MAPPED_ITEM('',#5732,#5731);
#5732=REPRESENTATION_MAP(#5731,#5709);
#5717=PRODUCT('ZM_M2_5','ZM_M2_5','',(#1496));
#5734=PRODUCT_RELATED_PRODUCT_CATEGORY('part','',(#5717));
#5735=PRODUCT_DEFINITION_FORMATION_WITH_SPECIFIED_SOURCE('','',#5717,.NOT_KNOWN.);
#5718=PRODUCT_DEFINITION('design','',#5735,#1497);
#5716=PRODUCT_DEFINITION_SHAPE('','',#5718);
#5736=SHAPE_DEFINITION_REPRESENTATION(#5716,#5709);
#5708=DRAUGHTING_MODEL('',(#5733),#5707);
#5737=(NAMED_UNIT(*)PLANE_ANGLE_UNIT()SI_UNIT($,.RADIAN.));
#5738=PLANE_ANGLE_MEASURE_WITH_UNIT(PLANE_ANGLE_MEASURE(0.0174532925),#5737);
#5739=(CONVERSION_BASED_UNIT('DEGREE',#5738)NAMED_UNIT(#5740)PLANE_ANGLE_UNIT());
#5740=DIMENSIONAL_EXPONENTS(0.,0.,0.,0.,0.,0.,0.);
#5741=(NAMED_UNIT(*)SI_UNIT($,.STERADIAN.)SOLID_ANGLE_UNIT());
#5742=(LENGTH_UNIT()NAMED_UNIT(*)SI_UNIT(.MILLI.,.METRE.));
#5743=UNCERTAINTY_MEASURE_WITH_UNIT(LENGTH_MEASURE(1.000000E-03),#5742,'DISTANCE_ACCURACY_VALUE','Maximum Tolerance applied to model');
#5744=(GEOMETRIC_REPRESENTATION_CONTEXT(3)GLOBAL_UNCERTAINTY_ASSIGNED_CONTEXT((#5743))GLOBAL_UNIT_ASSIGNED_CONTEXT((#5742,#5739,#5741))REPRESENTATION_CONTEXT('','ZM_M2_5'));
#5756=CARTESIAN_POINT('',(0.,0.,0.));
#5757=DIRECTION('',(0.,0.,1.));
#5758=DIRECTION('',(1.,0.,-0.));
#5759=AXIS2_PLACEMENT_3D('',#5756,#5757,#5758);
#5760=ITEM_DEFINED_TRANSFORMATION('','',#5759,#15);
#5761=(REPRESENTATION_RELATIONSHIP('','',#5746,#16)REPRESENTATION_RELATIONSHIP_WITH_TRANSFORMATION(#5760)SHAPE_REPRESENTATION_RELATIONSHIP());
#5762=NEXT_ASSEMBLY_USAGE_OCCURRENCE('ZM_M2_5_13','ZM_M2_5','ZM_M2_5',#25,#5755,$);
#5763=PRODUCT_DEFINITION_SHAPE('','',#5762);
#5764=CONTEXT_DEPENDENT_SHAPE_REPRESENTATION(#5761,#5763);
#5746=SHAPE_REPRESENTATION('ZM_M2_5',(#15),#5744);
#5765=CARTESIAN_POINT('',(0.,0.,0.));
#5766=DIRECTION('',(0.,0.,1.));
#5767=DIRECTION('',(1.,0.,0.));
#5768=AXIS2_PLACEMENT_3D('',#5765,#5766,#5767);
#5770=MAPPED_ITEM('',#5769,#5768);
#5769=REPRESENTATION_MAP(#5768,#5746);
#5754=PRODUCT('ZM_M2_5','ZM_M2_5','',(#1496));
#5771=PRODUCT_RELATED_PRODUCT_CATEGORY('part','',(#5754));
#5772=PRODUCT_DEFINITION_FORMATION_WITH_SPECIFIED_SOURCE('','',#5754,.NOT_KNOWN.);
#5755=PRODUCT_DEFINITION('design','',#5772,#1497);
#5753=PRODUCT_DEFINITION_SHAPE('','',#5755);
#5773=SHAPE_DEFINITION_REPRESENTATION(#5753,#5746);
#5745=DRAUGHTING_MODEL('',(#5770),#5744);
#16=SHAPE_REPRESENTATION('victron control panel',(#15,#48,#5500,#5537,#5574,#5611,#5648,#5685,#5722,#5759),#10);
#5774=CARTESIAN_POINT('',(0.,0.,0.));
#5775=DIRECTION('',(0.,0.,1.));
#5776=DIRECTION('',(1.,0.,0.));
#5777=AXIS2_PLACEMENT_3D('',#5774,#5775,#5776);
#5779=MAPPED_ITEM('',#5778,#5777);
#5778=REPRESENTATION_MAP(#5777,#16);
#24=PRODUCT('victron control panel','victron control panel','',(#1496));
#5780=PRODUCT_RELATED_PRODUCT_CATEGORY('part','',(#24));
#5781=PRODUCT_DEFINITION_FORMATION_WITH_SPECIFIED_SOURCE('','',#24,.NOT_KNOWN.);
#25=PRODUCT_DEFINITION('design','',#5781,#1497);
#23=PRODUCT_DEFINITION_SHAPE('','',#25);
#5782=SHAPE_DEFINITION_REPRESENTATION(#23,#16);
#11=DRAUGHTING_MODEL('',(#5779),#10);
#5783=DESCRIPTIVE_REPRESENTATION_ITEM('KEY','/Users/patrickdarke/Library/Containers/com.shapr3d.shapr/Data/tmp/C43740C4-61F9-4F94-B51F-F0F20198D222.tmp');
#5784=PROPERTY_DEFINITION('KEY','',#25);
#5785=REPRESENTATION('',(#5783),#10);
#5786=PROPERTY_DEFINITION_REPRESENTATION(#5784,#5785);
#5787=GENERAL_PROPERTY('','KEY','');
#5788=GENERAL_PROPERTY_ASSOCIATION('','',#5787,#5784);
#1=MECHANICAL_DESIGN_GEOMETRIC_PRESENTATION_REPRESENTATION('',(#415,#447,#947,#965,#983,#1010,#1037,#1064,#1091,#82,#1603),#10);
ENDSEC;
END-ISO-10303-21;
